رقم العميل,اسم العميل,الحقول الناقصة أو الوهمية
1011,احمد هادي كريري,"السجل التجاري, الرمز البريدي"
1013,شركة الأجهزة الحديثة للأجهزة المنزلية,"السجل التجاري, الرمز البريدي"
1059,مؤسسة محمد فايز الشهري -النماص,"السجل التجاري, الرمز البريدي"
1065,مؤسسة سعد مسفر القحطاني التجارية,"السجل التجاري, الرمز البريدي"
2391,مؤسسة أسواق ثمار الضاحية للمواد الغذائية,"السجل التجاري, الرمز البريدي"
1073,مؤسسة خالد عبدالعزيز الدغيم التجارية-الرس 2,"السجل التجاري, الرمز البريدي"
1074,مؤسسة خالد عبدالعزيز الدغيم التجارية-الرس1,"السجل التجاري, الرمز البريدي"
1016,شركة سلاطين الاجهزة التجارية,"السجل التجاري, الرمز البريدي"
1039,مؤسسة الشاطيء للتجاره,"الرقم الضريبي, السجل التجاري, الرمز البريدي"
1042,شركة ديار الفارس,"السجل التجاري, الرمز البريدي"
1043,مؤسسة عامر سعيد الشهراني للمقاولات,"السجل التجاري, الرمز البريدي"
1085,مؤسسة برجس مرزوق العتيبي للمقاولات,"السجل التجاري, الرمز البريدي"
1046,مؤسسة عصرية للادهزة الالكترونية,"السجل التجاري, الرمز البريدي"
1050,مؤسسه مثلث الرواد 0555924669,"السجل التجاري, الرمز البريدي"
1055,مؤسسة حاتم عبدالرحمن عبدالله عسيري التجارية,"السجل التجاري, الرمز البريدي"
2124,محل اجياد العصرية,"السجل التجاري, الرمز البريدي"
1096,محل جوزاء صغير الحربي للاجهزة الالكترونية,"السجل التجاري, الرمز البريدي"
2386,شركة المراتب الاساسية,"السجل التجاري, الرمز البريدي"
2387,مؤسسة هضاب رماح,"السجل التجاري, الرمز البريدي"
1037,مؤسسة الشامل مميز التجارية,"السجل التجاري, الرمز البريدي"
1002,الشركة العالمية لإمداد الاسواق المركزية,"السجل التجاري, الرمز البريدي"
1004,مؤسسة الجيل الحديث للاجهزة المنزلية,"السجل التجاري, الرمز البريدي"
1008,شركة محمد شحات محمد ابولبن التجارية,"السجل التجاري, الرمز البريدي"
2382,مدارس الامد العالمية,"السجل التجاري, الرمز البريدي"
2384,شركة ضوء الشامل للحاسب الألي,"السجل التجاري, الرمز البريدي"
1069,مؤسسة ماجد عبود عائض عسيري التجارية,"السجل التجاري, الرمز البريدي"
1181,مؤسسة صندوق التقنية,"السجل التجاري, الرمز البريدي"
1182,شركة الشرقية الغربية هيبر ماركت,"السجل التجاري, الرمز البريدي"
1119,شركة ركن بشاة للتجارة,"السجل التجاري, الرمز البريدي"
1121,مؤسسة هله الشراري -الباشا - طبرجل,"السجل التجاري, الرمز البريدي"
2379,مصنع الكيان الخليجي للصناعة,"السجل التجاري, الرمز البريدي"
2390,شركة الخطوط الذكية الإدراية,"السجل التجاري, الرمز البريدي"
1122,موسسة نواف حمود البلوي للتجارة,"السجل التجاري, الرمز البريدي"
1123,مؤسسة سهم الضواء التجارية - تبوك,"السجل التجاري, الرمز البريدي"
1129,مؤسسة اقبال الاحمدي -الميدنة,"السجل التجاري, الرمز البريدي"
2195,شركة رؤية المكاتب للتجارة,"السجل التجاري, الرمز البريدي"
2340,شركة عرب العالم للتجارة,"السجل التجاري, الرمز البريدي"
2357,شقق زهرة النزلاء المخدومة,"السجل التجاري, الرمز البريدي"
1026,شركة ماجد الذهبية التجارية,"السجل التجاري, الرمز البريدي"
1028,مؤسسة المحيط للأجهزة الالكترونية,"السجل التجاري, الرمز البريدي"
1035,شركة الوكيل العام للتجارة,"السجل التجاري, الرمز البريدي"
1217,مؤسسة سنابل الامين للتجارة (الصيعيري),"السجل التجاري, الرمز البريدي"
1219,مؤسسة علي بن محمد بن حسين الغانم,"السجل التجاري, الرمز البريدي"
1220,مؤسسة خالد سالم المهري -المهرجان,"السجل التجاري, الرمز البريدي"
1224,مؤسسة فلاح عبدالله بن محمد القحطاني التجارية,"السجل التجاري, الرمز البريدي"
1101,بسمة التميز عميل الحوبة,"السجل التجاري, الرمز البريدي"
1105,مؤسسة بوابة التسويق,"السجل التجاري, الرمز البريدي"
1141,مؤسسة مروج الفهد للاجهزة المنزلية,"السجل التجاري, الرمز البريدي"
1143,شركة خالد احمد العبودي للتجارة,"السجل التجاري, الرمز البريدي"
1151,مؤسسة روز شبكة العالم,"السجل التجاري, الرمز البريدي"
1018,مؤسسة عبدالسلام محمد خميس الدوسري للتجارة,"السجل التجاري, الرمز البريدي"
2123,شركة مخازن المملكة العالمية التجارية فرع الخليج,"السجل التجاري, الرمز البريدي"
1187,مجموعة مروج المنار للتجارة والمقاولات,"السجل التجاري, الرمز البريدي"
2033,مؤسسة هوم شرهان التجارية,"السجل التجاري, الرمز البريدي"
1265,مؤسسة جبال عسير للتجارة,"السجل التجاري, الرمز البريدي"
1228,موسسة سماء القمة للتجارة,"السجل التجاري, الرمز البريدي"
1230,شركة عبد العزيز حسن الشثري للاجهزه المنزليه والتكييف,"السجل التجاري, الرمز البريدي"
1232,مؤسسة سالم وليد المهري - المهرجان,"السجل التجاري, الرمز البريدي"
1233,موسسة نجوم العالمية للتجارة,"السجل التجاري, الرمز البريدي"
1156,شركة السحاب العالية للتجارة (بن صالح ),"السجل التجاري, الرمز البريدي"
1982,فضه محمد عليان البلوي,"السجل التجاري, الرمز البريدي"
1353,مؤسسة محمد علي علي ال رجب التجارية,"السجل التجاري, الرمز البريدي"
1354,محل معاذ مقبل بن ماطر المطيرى للأجهزة المنزلية,"السجل التجاري, الرمز البريدي"
2202,مؤسسة علي حامد علي قميري,"السجل التجاري, الرمز البريدي"
1162,مؤسسة بيان الصايغ - المها- المدينة,"السجل التجاري, الرمز البريدي"
1166,شركة الجزيرة الماسي للتجارة,"السجل التجاري, الرمز البريدي"
1169,مؤسسة محمد بلال للتجارة,"السجل التجاري, الرمز البريدي"
1134,موسسة حمزه صالح الانصاري -ينبع,"السجل التجاري, الرمز البريدي"
1239,مؤسسة صالح خميس الهلابي,"السجل التجاري, الرمز البريدي"
1241,مؤسسة واد الجليد للتجارة,"السجل التجاري, الرمز البريدي"
1244,مؤسسة بيت الالكترونيات للتجارة,"السجل التجاري, الرمز البريدي"
1245,مؤسسة جبال القمة للتجارة ركن الشتاء  والصيف,"السجل التجاري, الرمز البريدي"
1358,موسسة الهلباء التجارية,"السجل التجاري, الرمز البريدي"
2134,مؤسسة ثي إكس بي,"السجل التجاري, الرمز البريدي"
1371,مؤسسة سليمان عبد الله سليمان الكليوي التجارية,"السجل التجاري, الرمز البريدي"
1374,مؤسسة الوان الفيصل التجارية,"السجل التجاري, الرمز البريدي"
1379,مؤسسة نجد للاجهزة الالكترونية,"السجل التجاري, الرمز البريدي"
1304,مؤسسة عالم التكيف للتجارة,"السجل التجاري, الرمز البريدي"
1284,مؤسسة سما الأقمار التجارية,"السجل التجاري, الرمز البريدي"
1285,مؤسسة دنيا الشرقية التجارية,"السجل التجاري, الرمز البريدي"
1176,مؤسسةعبدالله الاحمدي - الانوار - المدينة,"السجل التجاري, الرمز البريدي"
1267,مؤسسة سما سيما للتجارة,"السجل التجاري, الرمز البريدي"
1352,شركة كنز العالمية المحدوده,"السجل التجاري, الرمز البريدي"
1335,مؤسسة رمز الروابي للتجارة,"السجل التجاري, الرمز البريدي"
1338,مؤسسة فهد علي حمد الحربي للتجاره - فرع 2,"السجل التجاري, الرمز البريدي"
1340,شركة الربيع العربي للجهزة الكهربائية,"السجل التجاري, الرمز البريدي"
1343,مؤسسة مفرح غربي نحيطر العنزي للتجارة /مكتب ابداع الانجاز,"السجل التجاري, الرمز البريدي"
2369,مؤسسة ويل باك للمقاولات العامة,"السجل التجاري, الرمز البريدي"
1277,محل بيت الحديثة للأجهزة المنزلية,"السجل التجاري, الرمز البريدي"
1278,subi مؤسسة صالحة الهلالي- سوبي,"السجل التجاري, الرمز البريدي"
1279,معرض التوفيق للأجهزة الإلكترونية,"السجل التجاري, الرمز البريدي"
1281,مؤسسة عبدالله صالح العتيبي للمقاولات  alothaibi,"السجل التجاري, الرمز البريدي"
1381,شركة بن حمود السعودية للتجارة,"السجل التجاري, الرمز البريدي"
2378,شركة جلف ريتايل القابضة,"السجل التجاري, الرمز البريدي"
1199,شركة روية الجوهري للتكيف والتبريد,"السجل التجاري, الرمز البريدي"
1201,شركة نجم الاجهزة للتجارة,"السجل التجاري, الرمز البريدي"
2106,مؤسسة اكواد الشرق التجارية,"السجل التجاري, الرمز البريدي"
1349,مؤسسة ابراهيم صالح عبدالله ال رجب التجارية,"السجل التجاري, الرمز البريدي"
1289,مؤسسة جواهر ماجد مرزوق البقمي لصيانة الاكترونيات,"السجل التجاري, الرمز البريدي"
1292,مؤسسة يحي عامر محمد القداح التجارية,"السجل التجاري, الرمز البريدي"
1296,شركة كنز العالمية المحدوده-الخرمة,"السجل التجاري, الرمز البريدي"
1454,مؤسسة وادي الجليد للاجهزة المنزلية,"السجل التجاري, الرمز البريدي"
2111,شركة الدولى الحديث للأجهزة المنزلية,"السجل التجاري, الرمز البريدي"
2107,مؤسسة بست ون التجارة,"السجل التجاري, الرمز البريدي"
2108,شركة كيان الشبكة التجاري,"السجل التجاري, الرمز البريدي"
1303,محل  عالم الجزيرة  للأجهزة الإلكترونية,"السجل التجاري, الرمز البريدي"
1305,مؤسسة لمسات السفر للتجارة,"السجل التجاري, الرمز البريدي"
1306,مؤسسة فاطمه رفدان بن عايص القحطاني التجارية,"السجل التجاري, الرمز البريدي"
1308,محل العالم العبقري التجارية,"السجل التجاري, الرمز البريدي"
1504,مؤسسة فون للتجارة,"السجل التجاري, الرمز البريدي"
1507,شركة انماء امن للتجارة,"السجل التجاري, الرمز البريدي"
1416,شركة علي عبد الرحمن العمودي للتجارة,"السجل التجاري, الرمز البريدي"
1423,شركة مجد الاوائل للتجارة,"السجل التجاري, الرمز البريدي"
1311,مؤسسة عبد الله حمدان سعيد الدوسري (sony nasam ),"السجل التجاري, الرمز البريدي"
1313,مؤسسة زهره ربيع الحياه للتجاره -1,"السجل التجاري, الرمز البريدي"
1314,مؤسسة صدى الامتياز للتجارة,"السجل التجاري, الرمز البريدي"
1315,شركة المدينة هايبر للتجارة,"السجل التجاري, الرمز البريدي"
1323,شركة تكنولوجياالمراقبة الالية للتجارة,"السجل التجاري, الرمز البريدي"
1324,مؤسسة استل البطحاء,"السجل التجاري, الرمز البريدي"
1661,مؤسسة حسن علي محمد ال مريع للمقاولات,"السجل التجاري, الرمز البريدي"
1662,شركة الابراج الجديدة للتجارة- New Towers Trading company,"السجل التجاري, الرمز البريدي"
1663,مؤسسة عالم اضواء الشمال للأجهزة الالكترونية,"السجل التجاري, الرمز البريدي"
1664,مؤسسة روعة المناخ للتجارة,"السجل التجاري, الرمز البريدي"
1574,شركة جوهرة الجنوب التجارية شركة شخص واحد,"السجل التجاري, الرمز البريدي"
2247,مؤسسة بيتك الأنيق للتجارة,"السجل التجاري, الرمز البريدي"
2130,مؤسسة سلاسل التفرد للأجهزة المنزلية,"السجل التجاري, الرمز البريدي"
1269,مؤسسة صندوق الاجهزة للتجارة  0504485905,"السجل التجاري, الرمز البريدي"
1270,موسسه فرحان الشمري0550912890,"السجل التجاري, الرمز البريدي"
1271,مؤسسة بيت الخرج للأجهزة المنزلية,"السجل التجاري, الرمز البريدي"
1273,محل نادية عمر العقيدي لاكترونيات,"السجل التجاري, الرمز البريدي"
1325,مؤسسة فهد علي حمد الحربي فرع 1,"السجل التجاري, الرمز البريدي"
1326,مؤسسة شبكة التميز للمقاولات,"السجل التجاري, الرمز البريدي"
1331,شركة الامان الذهبي للتجارة,"السجل التجاري, الرمز البريدي"
1334,مؤسسة شمس النسيم,"السجل التجاري, الرمز البريدي"
2272,شركة اركان هوم المحدودة,"السجل التجاري, الرمز البريدي"
2274,مؤسسة قمة الجزيرة للأمن والسلامة,"السجل التجاري, الرمز البريدي"
1483,شركة الرائد للاجهزة المنزلية,"السجل التجاري, الرمز البريدي"
1490,شركة البابطين للتجارة,"السجل التجاري, الرمز البريدي"
1499,مؤسسة حمزه محمد احمد حفظي للتجارة,"السجل التجاري, الرمز البريدي"
1500,شركة تقنية الألفية للتجارة شركة شخص واحد,"السجل التجاري, الرمز البريدي"
1545,مؤسسة دار  ريحانة للتجارة,"السجل التجاري, الرمز البريدي"
1439,مؤسسة رواسي البتراء,"السجل التجاري, المبنى, الرمز البريدي"
1440,مؤسسة نجمة  ليالي للاجهزة الالكترونية,"السجل التجاري, الرمز البريدي"
1441,محلات النبهان,"السجل التجاري, الرمز البريدي"
1442,شركة كنز العالمية المحدودة/مركز المدينة,"السجل التجاري, الرمز البريدي"
1286,متجر الأجهزة للإلكترونيات,"السجل التجاري, الرمز البريدي"
2023,مؤسسة طيف السماحة للتجارة,"السجل التجاري, الرمز البريدي"
1320,مؤسسة نبض النسيج,"السجل التجاري, الرمز البريدي"
1539,مؤسسة قمة الهدف للأجهزة المنزلية,"السجل التجاري, الرمز البريدي"
1568,مؤسسة نجوم الاجهزة للاجهزة الالكترونية,"السجل التجاري, الرمز البريدي"
1670,محل افاق اثتين للاجهزة المنزلية,"السجل التجاري, الرمز البريدي"
1548,مؤسسة الفنية الاساسية للتجارة,"السجل التجاري, الرمز البريدي"
1612,مؤسسة ضي وفي للمقاولات,"السجل التجاري, الرمز البريدي"
1627,شركة الهيثم الشامل للتجارة,"السجل التجاري, الرمز البريدي"
1593,مؤسسة انوار الخير للاجهزة المنزلية,"السجل التجاري, الرمز البريدي"
1608,شركة الماسة مول للاواني المنزلية,"السجل التجاري, الرمز البريدي"
1276,محل ركن الخيالة للأجهزة الإلكترونية,"السجل التجاري, الرمز البريدي"
2017,مؤسسة سي تك للتجارة,"السجل التجاري, الرمز البريدي"
1459,مؤسسة عبد الله حمدي عبد الله ال حلبوب,"السجل التجاري, الرمز البريدي"
1465,مؤسسة حامد ابراهيم ناصر ال محمود لتجارو الجملة والتجزئة,"السجل التجاري, الرمز البريدي"
1467,موسسه محمد صالح ابراهيم الشايع للتجاره,"السجل التجاري, الرمز البريدي"
2271,شركة الخط البارد التجارية,"السجل التجاري, الرمز البريدي"
1607,شركة نفوذ المجال التجارية,"السجل التجاري, الرمز البريدي"
2276,مؤسسة عبدالعزيز حمد النهدي للتجارة,"السجل التجاري, الرمز البريدي"
1556,شركة الثلج الابيض لاعمال التكييف,"السجل التجاري, الرمز البريدي"
1557,شركة سما الخير للتجارة - الرئيسي,"السجل التجاري, الرمز البريدي"
1451,شركة سلسبيل النسيم للتجارة,"السجل التجاري, الرمز البريدي"
2171,مؤسسة برودة للتجارة,"السجل التجاري, الرمز البريدي"
1671,شركة بلادي المتميزة التجارية,"السجل التجاري, الرمز البريدي"
1680,مؤسسة باسل فهد المزيد التجارية,"السجل التجاري, الرمز البريدي"
2226,شركة تخفيضات العائلة للتجارة,"السجل التجاري, الرمز البريدي"
1683,مؤسسة موج البحر للأجهزة الالكترونية,"السجل التجاري, الرمز البريدي"
1704,مؤسسة موعد النظم للمقاولات,"السجل التجاري, الرمز البريدي"
1547,شركة توريدات السماحة للتجارة شركة شخص واحد,"السجل التجاري, الرمز البريدي"
1553,شركة دار التيار للتجارة,"السجل التجاري, الرمز البريدي"
1577,شركة تكنوميك تكنولجي المحدودة,"السجل التجاري, الرمز البريدي"
1578,شركة نسيم الهواء للتجارة,"السجل التجاري, الرمز البريدي"
1580,مؤسسة تميز البدر للتجارة,"السجل التجاري, الرمز البريدي"
2129,شركة بلادي المتميزة التجارية,"السجل التجاري, الرمز البريدي"
1589,شركة الضوء البارق للتجارة,"السجل التجاري, الرمز البريدي"
2245,شركة دريم سات للأجهزة الإلكترونية,"السجل التجاري, الرمز البريدي"
2246,شركة مصدر الرائدة للصناعة,"السجل التجاري, الرمز البريدي"
1615,مؤسسة البداية الذكية للتجارة,"السجل التجاري, الرمز البريدي"
1622,مؤسسة محمد بن عبدالله بن محمد الضويان للمقاولات,"السجل التجاري, الرمز البريدي"
1712,مؤسسة أول الصيف للتجارة,"السجل التجاري, الرمز البريدي"
2320,شركة دروب الاستقرار,"السجل التجاري, الرمز البريدي"
1745,مؤسسة الشامل المتميز التجارية,"السجل التجاري, الرمز البريدي"
1725,شركة متاجر الرياض للتجارة,"السجل التجاري, الرمز البريدي"
1733,شركة الفرن الذهبي للتجارة,"السجل التجاري, الرمز البريدي"
1754,مؤسسة فجر الخميس التجارية,"السجل التجاري, الرمز البريدي"
1755,مؤسسة الجهاز الذهبي للاجهزة المنزلية,"السجل التجاري, الرمز البريدي"
1213,شركة الشرقية الغربية هيبر ماركت  الدماو,"السجل التجاري, الرمز البريدي"
1731,شركة صدى الصيف التجارية شركة شخص واحد,"السجل التجاري, الرمز البريدي"
1743,مؤسسة الشامل الحقيقي التجارية,"السجل التجاري, الرمز البريدي"
1757,مؤسسة جنا الحزم للتجارة عميل الحوبة,"السجل التجاري, الرمز البريدي"
1785,شركة جوهرة الصديق للاجهزة المنزلية,"السجل التجاري, الرمز البريدي"
1786,مؤسسة الضمان العام للاجهزة الالكترونية,"السجل التجاري, الرمز البريدي"
2238,دليل الشبكة للتجارة,"السجل التجاري, الشارع, الرمز البريدي"
1597,مؤسسة يعقوب علي خضير التجارية,"السجل التجاري, الرمز البريدي"
1640,شركة فنون راحتي للشقق المخدومة,"السجل التجاري, الرمز البريدي"
1641,مؤسسة شذا العالمية للأجهزة الإلكترونية,"السجل التجاري, الرمز البريدي"
1673,مؤسسة الرؤيا العصرية للتجارة,"السجل التجاري, الرمز البريدي"
1808,مؤسسة روائع الشتاء للاجهزة المنزلية,"السجل التجاري, الرمز البريدي"
1810,مؤسسة ملتقى بلص للتجارة,"السجل التجاري, الرمز البريدي"
1815,شركة كايا الاولى للتجارة,"السجل التجاري, الرمز البريدي"
1821,شركة كفاءة العربية للاجهزة الالكترونية,"السجل التجاري, الرمز البريدي"
1822,شركة وقت الاجهزة للتجارة,"السجل التجاري, الرمز البريدي"
1823,مؤسسة رواد العصر الذهبي للاجهزة المنزلية,"السجل التجاري, الرمز البريدي"
1824,مؤسسة لين ستار للتجارة,"السجل التجاري, الرمز البريدي"
1825,شركة أسواق ايفور التجارية,"السجل التجاري, الرمز البريدي"
1826,محل شفا جبريل فتح الدين بكماني للتجارة,"السجل التجاري, الرمز البريدي"
1827,مؤسسة فهد عبدالالة بن عبدالله المنعمى للاجهزة المنزلية,"السجل التجاري, الرمز البريدي"
1828,مؤسسة سعيد سالم سعيد الشهري للتجارة,"السجل التجاري, الرمز البريدي"
1829,مؤسسة تقنية الاسد لتجارة الجملة والتجزئة,"السجل التجاري, الرمز البريدي"
1831,مؤسسة متعب محمد القحطاني للمقاولات,"السجل التجاري, الرمز البريدي"
1832,مؤسسة سهاري الدهاليز التجارية,"السجل التجاري, الرمز البريدي"
1833,شركة الموارد المتطورة التجارية,"السجل التجاري, الرمز البريدي"
1834,مؤسسة منبع التكييف ااتجارة,"السجل التجاري, الرمز البريدي"
1835,مؤسسة امانة الشروق للاجهزة المنزلية,"السجل التجاري, الرمز البريدي"
1763,مؤسسة عبده فضل عبده العبدلي التجارية,"السجل التجاري, الرمز البريدي"
1764,شركة امل الخليج للاجهزة المنزلية,"السجل التجاري, الرمز البريدي"
1777,مؤسسة عاصمة الاجهزة للتجارة,"السجل التجاري, الرمز البريدي"
1190,مؤسسة صفوة الاجهزة الاجهزة للتجارة,"السجل التجاري, الرمز البريدي"
1672,شركة بور تك للتجارة,"السجل التجاري, الرمز البريدي"
1853,مؤسسة فايز الذهبي للتجارة 2,"السجل التجاري, الرمز البريدي"
1854,مؤسسة المستقبل المتكامل,"السجل التجاري, الرمز البريدي"
1855,مؤسسة بيت الاجهزة المتكامل للاجهزة الالكترونية,"السجل التجاري, الرمز البريدي"
1861,مؤسسة اركان الفصول للتجارة,"السجل التجاري, الرمز البريدي"
1865,مؤسسة فاطمة صالح محمد المالكي للتجارة,"السجل التجاري, الرمز البريدي"
1866,مؤسسة سمو الفجر للأجهزة المنزلية,"السجل التجاري, الرمز البريدي"
1867,شركة عالم التمكين للاجهزة المنزلية,"السجل التجاري, الرمز البريدي"
1868,مؤسسة الاسمر للاجهزة المنزلية,"السجل التجاري, الرمز البريدي"
1869,مؤسسة فاستر ستور للاجهزة الالكترونية1,"السجل التجاري, الرمز البريدي"
1870,شركة نجمة النرجس للاجهزة المنزلية,"السجل التجاري, الرمز البريدي"
1802,مؤسسة معاذ يحيى احمد بشيري,"السجل التجاري, الرمز البريدي"
1678,مؤسسة منزل الاجهزة التجارية,"السجل التجاري, الرمز البريدي"
1707,احمد عايض محمد العنزي,"السجل التجاري, الرمز البريدي"
1771,شركة رواد التكييف,"السجل التجاري, الرمز البريدي"
1792,شركة اعمال حسام للاشتثمار,"السجل التجاري, الرمز البريدي"
1838,مؤسسة الهواء الطبيعي التجارية,"السجل التجاري, الرمز البريدي"
1839,مجمع الحجيلان الطبي,"السجل التجاري, الرمز البريدي"
1844,شركة منافذ للتكييف والتبريد,"السجل التجاري, الرمز البريدي"
1841,شركة مدارات الاجهزة للتجارة,"السجل التجاري, الرمز البريدي"
1843,شركة اضواء الغربية العالمية التجارية,"السجل التجاري, الرمز البريدي"
1735,شركة التوفيق الحديثة للاجهزة الالكترونية,"السجل التجاري, الرمز البريدي"
1739,مؤسسة امواج الاندلس للتجارة,"السجل التجاري, الرمز البريدي"
1753,مؤسسة الهواء الوطني للمقاولات,"السجل التجاري, الرمز البريدي"
1915,مؤسسة ابداع الرواد للاجهزه المنزلية,"السجل التجاري, الشارع, الرمز البريدي"
1941,مؤسسة ضوء الجنوب للأجهزة المنزلية,"السجل التجاري, الرمز البريدي"
1874,شركة ميزاب الفندقية,"السجل التجاري, الرمز البريدي"
1875,مؤسسة حسين احمد عبده شقاره للتجارة,"السجل التجاري, الرمز البريدي"
2013,مؤسسة سحاب الخير الاجهزة المنزلية,"السجل التجاري, الرمز البريدي"
1880,مؤسسة نهار غالي القرشي للتجارة,"السجل التجاري, الرمز البريدي"
1881,مؤسسة بحر المبدع التجارية,"السجل التجاري, الرمز البريدي"
1929,شركة الفن الرائع لتنظيم المعارض والموتمرات,"السجل التجاري, الرمز البريدي"
2248,مؤسسة سحابة الربيع للتجارة,"السجل التجاري, الرمز البريدي"
1931,شركة الجهاز العصري التجارية,"السجل التجاري, الرمز البريدي"
1942,مؤسسة عايشه ابراهيم محمد الاسمري للتجارة,"السجل التجاري, الرمز البريدي"
1945,مؤسسة جبال التل للتجارة,"السجل التجاري, الرمز البريدي"
1873,مؤسسة عالمك الراقي للتجارة,"السجل التجاري, الرمز البريدي"
1882,شركة فائق الاحترافية للمقاولات,"السجل التجاري, الرمز البريدي"
1883,مؤسسة البيت المثالي للاجهزة المنزلية,"السجل التجاري, الرمز البريدي"
1900,شركة قمة الوصول للتجارة,"السجل التجاري, الرمز البريدي"
1932,مؤسسة فواز عوض الحربي للتجارة,"السجل التجاري, الرمز البريدي"
1758,مؤسسة فهد علي سليمان السبيعي للتجارة,"السجل التجاري, الرمز البريدي"
1690,مؤسسة حسين فهد متعب المزيد للاجهزة المنزلية,"السجل التجاري, الرمز البريدي"
1691,مؤسسة رغد التمييز للتجارة سوق العرب,"السجل التجاري, الرمز البريدي"
1699,مؤسسة المنزل المخفض التجارية,"السجل التجاري, الرمز البريدي"
1721,مؤسسة فيرا المتحدة للتجارة,"السجل التجاري, الرمز البريدي"
1732,مؤسسة طالع محمد بن طالع عسيري التجارية,"السجل التجاري, الرمز البريدي"
1751,مؤسسة الاتقان الحديث التجارية,"السجل التجاري, الرمز البريدي"
2249,مؤسسة دفء الشتاء للأجهزة المنزلية,"السجل التجاري, الرمز البريدي"
1761,شركة رائد التخفيضات,"السجل التجاري, الرمز البريدي"
1774,شركة السعر المثالي للتجارة,"السجل التجاري, الرمز البريدي"
1817,شركة النخيل الجديد التجارية,"السجل التجاري, الرمز البريدي"
1813,مؤسسة الرواد الحديثة للاجهزة المنزلية,"السجل التجاري, الرمز البريدي"
1819,شركة السفير الريادي التجارية,"السجل التجاري, الرمز البريدي"
1820,مؤسسة الرواد المميز للاجهزة المنزلية,"السجل التجاري, الرمز البريدي"
1717,مؤسسة ابراهيم عبده فلقي,"السجل التجاري, الرمز البريدي"
1744,مؤسسة جديد العاصمة للتجارة,"السجل التجاري, الرمز البريدي"
1895,مؤسسة عبدالله محمد صالح طائل الازوري للأجهزة المنزلية,"السجل التجاري, الرمز البريدي"
1984,مؤسسة جوهرة بيتك التجارية,"السجل التجاري, الرمز البريدي"
1898,شقق ضيافة الفيحاء للشقق المفروشة,"السجل التجاري, الرمز البريدي"
2240,مؤسسة نادرة البوادر للصيانة,"السجل التجاري, الرمز البريدي"
2250,شركة إيدورا,"السجل التجاري, الرمز البريدي"
1901,شركة النجم الساطع للاجهزة الالكترونية,"السجل التجاري, الرمز البريدي"
1985,مؤسسة رتب بيتك للأجهزة الإكترونية,"السجل التجاري, الرمز البريدي"
1936,مؤسسة عبدالله ابراهيم عبدالعزيز الهذلول,"السجل التجاري, الرمز البريدي"
1876,شركة علم الحدث لتنظيم المعارض والمؤتمرات,"السجل التجاري, الرمز البريدي"
1878,مؤسسة شروق للاجهزة المنزلية,"السجل التجاري, الرمز البريدي"
1884,مؤسسة عادل احمد المسعودي للاجهزة المنزلية,"السجل التجاري, الرمز البريدي"
1885,شركة دقة الأنوار التجارية,"السجل التجاري, الرمز البريدي"
1912,مؤسسة محمد حماد حمدان الثمالي للاجهزة المنزلية,"السجل التجاري, الرمز البريدي"
1913,مؤسسة اركان الفصول للتجارة,"السجل التجاري, الرمز البريدي"
2375,شركة خط الاساس للمقاولات شخص واحد,"السجل التجاري, الرمز البريدي"
1944,شركة ضركام الدولية للتجارة شركة شخص واحد,"السجل التجاري, الرمز البريدي"
1946,مؤسسة درة المدينة للاجهزة,"السجل التجاري, الرمز البريدي"
1947,مؤسسة ضياء الوطن للأجهزة المنزلية,"السجل التجاري, الرمز البريدي"
1948,مؤسسة نجوم للمقاولات,"السجل التجاري, الرمز البريدي"
1952,شركة سلة الجمش للتجارة,"السجل التجاري, الرمز البريدي"
1871,مؤسسة عائشة عبدالهادي المولد التجاارية,"السجل التجاري, الرمز البريدي"
1893,شركة كنز الرواد التجارية,"السجل التجاري, الرمز البريدي"
1986,مؤسسة الاتحاد ثري التجارية,"السجل التجاري, الرمز البريدي"
1845,مؤسسة محيط التكييف للاجهزة المنزلية,"السجل التجاري, الرمز البريدي"
1846,شركة النيل المميزة للتجارة,"السجل التجاري, الرمز البريدي"
1847,شركة فلكسي السعودية للتجارة,"السجل التجاري, الرمز البريدي"
1848,مؤسسة منبع التكييف ااتجارة1,"السجل التجاري, الرمز البريدي"
1837,مؤسسة فضه سلمان صالح الهودار التجارية,"السجل التجاري, الرمز البريدي"
1842,مؤسسة بوابة ميم التجارية,"السجل التجاري, الرمز البريدي"
1850,مؤسسة منبع الاجهزة للتجارة,"السجل التجاري, الرمز البريدي"
1851,مؤسسة نبع النسيم للاجهزة المنزلية فرع الخليج 2,"السجل التجاري, الرمز البريدي"
1852,مؤسسة الغيث للاجهزة الكهربائية والمنزلية,"السجل التجاري, الرمز البريدي"
1856,مؤسسة يوسف عبدالله بن ظليفان الشراري للاجهزة المنزلية,"السجل التجاري, الرمز البريدي"
1858,مؤسسة وان للتجارة,"السجل التجاري, الرمز البريدي"
2006,شركة الصائده للتجارة,"السجل التجاري, الرمز البريدي"
1905,شركة الأجهزه الرائعه للتجارة,"السجل التجاري, الرمز البريدي"
1908,مؤسسة سعد ماشع مشعان المطيري للتجارة,"السجل التجاري, الرمز البريدي"
1909,مؤسسة كام المستقبل للتجارة,"السجل التجاري, الرمز البريدي"
1911,مؤسسة ضاوي سالم وليد المهري للتجارة,"السجل التجاري, الرمز البريدي"
1925,شركة البركة الرائدة للأجهزة المنزلية,"السجل التجاري, الرمز البريدي"
1926,مؤسسة ثبات التميز التجارية,"السجل التجاري, الرمز البريدي"
1927,مؤسسة شتاء وصيف النسيم التجارية,"السجل التجاري, الرمز البريدي"
1962,مؤسسة يحي عبده بن فرج مبروك التجارية,"السجل التجاري, الرمز البريدي"
1969,شركة حلول نون للتسويق الدلكتروني,"السجل التجاري, الرمز البريدي"
1970,شركة افاق كيوتيك للتجارة العامة,"السجل التجاري, الرمز البريدي"
1971,شركة ريحانة للتطوير والمقاولات,"السجل التجاري, الرمز البريدي"
2241,شقق منازل الدانة للشقق المخدومة,"السجل التجاري, الرمز البريدي"
2270,شركة نبع الماء الصافي للمياه,"السجل التجاري, الرمز البريدي"
2275,مؤسسة الطريفات للتجارة,"السجل التجاري, الرمز البريدي"
1972,شركة مخازن المملكة العالمية التجارية,"السجل التجاري, الرمز البريدي"
1978,شركة كنز الاجهزة للتجارة,"السجل التجاري, الرمز البريدي"
1991,شركة دار التيار التجارية,"السجل التجاري, الرمز البريدي"
2015,مؤسسة ركن الرابح التجارية,"السجل التجاري, الرمز البريدي"
1973,مؤسسة منور المفلح للأجهزة المنزلية,"السجل التجاري, الرمز البريدي"
1859,مؤسسة رواد بيتك التجارية,"السجل التجاري, الرمز البريدي"
1862,مؤسسة فاستر ستور للاجهزة الالكترونية,"السجل التجاري, الرمز البريدي"
1863,مؤسسة اجواء الصيف للاجهزة المنزلية,"السجل التجاري, الرمز البريدي"
1864,مؤسسة ساحل ابيض التجارية,"السجل التجاري, الرمز البريدي"
1906,شركة اسماعيل جمعان الحمراني التجارية,"السجل التجاري, الرمز البريدي"
1918,مؤسسة الشمال الرقمي للمقاولات العامة,"السجل التجاري, الرمز البريدي"
1949,مؤسسة رايك للأمن والسلامة,"السجل التجاري, الرمز البريدي"
1954,شركة مدارات الاجهزة للتجارة فرع العريجة,"السجل التجاري, الرمز البريدي"
1955,شركة هاف مليون المحدودة شخص واحد,"السجل التجاري, الرمز البريدي"
1956,شركة تشييد الصقور للمقاولات,"السجل التجاري, الرمز البريدي"
1957,مؤسسة الباز الابيض للاجهزة المنزلية,"السجل التجاري, الرمز البريدي"
1958,مؤسسة سمية محمد الغامدي التجارية (بن مشرف ),"السجل التجاري, الرمز البريدي"
1959,مؤسسة مدار التكيف التجارية,"السجل التجاري, الرمز البريدي"
1960,شركة عالم الاربعين للتجارة,"السجل التجاري, الرمز البريدي"
1961,مؤسسة الافق الذهبية للاجهزة المنزلية,"السجل التجاري, الرمز البريدي"
1887,شركة الاجهزة المطورة التجارية,"السجل التجاري, الرمز البريدي"
1922,مؤسسة تقدم الاعمار للمقاولات العامة,"السجل التجاري, المبنى, الشارع, الحي, الرمز البريدي"
1933,مؤسسة الهيبة الكاملة التجارية,"السجل التجاري, الرمز البريدي"
1939,مؤسسة الشروق الهادي,"السجل التجاري, الرمز البريدي"
1872,شركة كفاءة العربية للاجهزة الالكترونية,"السجل التجاري, الرمز البريدي"
1877,محل عالية للاجهزة المنزلية,"السجل التجاري, الرمز البريدي"
1914,مؤسسة الحديث الشامل للاجهزة المنزلية,"السجل التجاري, الرمز البريدي"
1979,شركة الافضل الحديث للتجارة,"السجل التجاري, الرمز البريدي"
1987,شركة الميعاد الذهبي للأجهزة المنزلية - شركة شخص واحد,"السجل التجاري, الرمز البريدي"
1903,محل سلة عبدالله مرعي الوادعي,"السجل التجاري, الرمز البريدي"
1981,مؤسسة عوضه محمد احمد القرني للأجهزة الإكترونية,"السجل التجاري, الرمز البريدي"
1988,محل الجزيرة دارك التجارية,"السجل التجاري, الرمز البريدي"
1989,مؤسسة عصر التكييف للأجهزة المنزلية,"السجل التجاري, الرمز البريدي"
1990,مؤسسة الصقر تمكين للاجهزة المنزلية,"السجل التجاري, الرمز البريدي"
1980,شركة القوه الباردة للتجارة,"السجل التجاري, الرمز البريدي"
1904,مؤسسة المنزل الحديث للاجهزة المنزلية,"السجل التجاري, الرمز البريدي"
1983,شركة الراج الاصلي المحدودة,"السجل التجاري, الرمز البريدي"
1894,شركة بيت الرواد التجارية شركة شخص واحد,"السجل التجاري, الرمز البريدي"
1910,شركة السفير الريادي التجارية فرع الحراج,"السجل التجاري, الرمز البريدي"
1921,شركة حياة الشباب للتجارة,"السجل التجاري, الرمز البريدي"
1923,مؤسسة شمس تبوك للاجهزة الالكترونية,"السجل التجاري, الرمز البريدي"
1924,مؤسسة حنان عبدالعزيز اليحياء التجارية,"السجل التجاري, الرمز البريدي"
1928,مؤسسة عصر التكييف للاجهزة المنزلية,"السجل التجاري, الرمز البريدي"
1950,مؤسسة جهز بيتك للتجارة,"السجل التجاري, الرمز البريدي"
1951,شركة متاجر السيف للتنمية والاستثمار,"السجل التجاري, الرمز البريدي"
1902,مؤسسة حدود المدينة التجارية,"السجل التجاري, الرمز البريدي"
1227,مؤسسة هيام عايد البيشي,"السجل التجاري, الرمز البريدي"
2009,شركة سيول للوقود,"السجل التجاري, الرمز البريدي"
1994,شركة امانة الاجهزة التجارية,"السجل التجاري, الرمز البريدي"
1999,شركة الربيع والصيف للتجارة,"السجل التجاري, الرمز البريدي"
2001,الشركه السعوديه للمتاجر الشامله,"السجل التجاري, الرمز البريدي"
1993,مؤسسة عالم المستقبل الشامل للأجهزة الإكترونية,"السجل التجاري, الرمز البريدي"
1997,شركة عمر زايد المحطب وعبدالمحسن زايد المحطب التجارية,"السجل التجاري, الرمز البريدي"
2003,مؤسسة مريم سعيد احمد العبدليه,"السجل التجاري, الرمز البريدي"
2004,مؤسسة عبدالسلام محمد خميس ال خميس التجارية,"السجل التجاري, الرمز البريدي"
2005,شركة ركن المحيط التجارية,"السجل التجاري, الرمز البريدي"
2077,شركة الاصيل للاجهزة المنزلية,"السجل التجاري, الرمز البريدي"
2056,مؤسسة متخصصو الريادة التجارية,"السجل التجاري, الرمز البريدي"
2086,مؤسسة ضياء الوطن للأجهزة المنزلية,"السجل التجاري, الرمز البريدي"
2126,شركة مخازن المملكة العالمية التجارية فرع حفر الباطن,"السجل التجاري, الرمز البريدي"
2376,شركة سكاى ويفز,"السجل التجاري, الرمز البريدي"
2053,مؤسسة اناقة سكني للتجارة,"السجل التجاري, الرمز البريدي"
2054,مؤسسة نجمة ليالي للأجهزة الألكترونية,"السجل التجاري, الرمز البريدي"
2055,مؤسسة النبهان للتجارة,"السجل التجاري, الرمز البريدي"
2087,مؤسسة الباز الابيض للاجهزة المنزلية,"السجل التجاري, الرمز البريدي"
2089,شركة الافق الذهبية للاجهزة المنزلية,"السجل التجاري, الرمز البريدي"
2091,شركة القوه الباردة للتجارة,"السجل التجاري, الرمز البريدي"
2051,شركة المدينة هايبرد للتجارة ( فرع طويق ),"السجل التجاري, الرمز البريدي"
2052,مؤسسة عاصمة الجليد التجارية,"السجل التجاري, الرمز البريدي"
2047,مؤسسة همس للأجهزة الإلكترونية,"السجل التجاري, الرمز البريدي"
2048,شركة المندسة للتجارة,"السجل التجاري, الرمز البريدي"
2050,مؤسسة مشهور عائد ظاهر البلوي,"السجل التجاري, الرمز البريدي"
1992,شركة هرم الاجهزة للتجارة,"السجل التجاري, الرمز البريدي"
2000,شركة افاق كيوتيك للتجارة العامة,"السجل التجاري, الرمز البريدي"
2002,شركة الكيان الافضل للتجارة,"السجل التجاري, الرمز البريدي"
2016,شركة الجزيرة الشامل الحديثة للتجارة,"السجل التجاري, الرمز البريدي"
2020,مؤسسة ثمار الإنجاز للتكيف والتبريد,"السجل التجاري, الرمز البريدي"
2021,مؤسسة الواحة الانشائية للتجارة,"السجل التجاري, الرمز البريدي"
2022,مؤسسة بيت الريدة للتجارة,"السجل التجاري, الرمز البريدي"
2025,شركة عقود الخليج للتشغيل والصيانة شركة شخص واحد,"السجل التجاري, الرمز البريدي"
2027,شركة دار التيار التجارية,"السجل التجاري, الرمز البريدي"
2031,شركة موجة العربية المركزية التجارية شركة ذات المسؤولية محدودة,"السجل التجاري, الرمز البريدي"
2032,مؤسسة الفرسان العربية التجارية,"السجل التجاري, الرمز البريدي"
2024,شركة العمران للصناعة والتجارة يونكس,"السجل التجاري, الرمز البريدي"
2036,عبدالرحمن محمد المحيميد لتجارة الجملة والتجزئة شركة شخص واحد,"السجل التجاري, الرمز البريدي"
2037,مؤسسة خلود حسن علي جيشي للمقاولات العامة,"السجل التجاري, الرمز البريدي"
2038,مؤسسة ابراهيم محمد الصروي الزبيدي للتجارة,"السجل التجاري, الرمز البريدي"
2040,مؤسسة بيت مثلث الرواد,"السجل التجاري, الرمز البريدي"
2035,موسسة متاجر محزم للتجارة,"السجل التجاري, الرمز البريدي"
2041,محل علي وان للأجهزة المنزلية,"السجل التجاري, الرمز البريدي"
2163,شركة كيوم المحدودة شركة شخص واحد,"السجل التجاري, الرمز البريدي"
2042,النظام الذهبي للتجارة,"السجل التجاري, الرمز البريدي"
2043,مؤسسة اناقة سكني للتجارة,"السجل التجاري, الرمز البريدي"
2049,شركة الحلو المتقدمة,"السجل التجاري, الرمز البريدي"
2008,مؤسسة لنا حزام محمد العمري لصيانة الالكترونيات,"السجل التجاري, الرمز البريدي"
2029,مؤسسة اجياد العصرية للتجارة,"السجل التجاري, الرمز البريدي"
2030,شركة البرق المضى التجارية,"السجل التجاري, الرمز البريدي"
2044,مؤسسة مشروع السرعة التجارية,"السجل التجاري, الرمز البريدي"
2014,مؤسسة اجواء الشتاء والصيف للاجهزة المنزلية,"السجل التجاري, الرمز البريدي"
2018,مؤسسة رمز الكيان الحديث للاجهزة الإلكترونية,"السجل التجاري, الرمز البريدي"
2046,مؤسسة قبس الشمال للأجهزة المنزلية,"السجل التجاري, الرمز البريدي"
2067,محل خالد عليان برغوث الشراري للاجهزة,"السجل التجاري, الرمز البريدي"
2069,مؤسسة ابراهيم عبدالعزيز بن ابراهيم الزايد لصيانة الالكترونيات,"السجل التجاري, الرمز البريدي"
2071,مؤسسة احمد هادي محمد كريري للأجهزة الإلكترونية,"السجل التجاري, الرمز البريدي"
2072,مؤسسة السلام الافضل لتجارة الجملة والتجزئة,"السجل التجاري, الرمز البريدي"
2073,مركز النور 0541440343,"السجل التجاري, الرمز البريدي"
2075,شركة اساس المجد النجارية,"السجل التجاري, الرمز البريدي"
2076,شركة رواد التكييف,"السجل التجاري, الرمز البريدي"
2062,مؤسسة عالم الفهد التجارية لصاحبها فهد صالح الحربي,"السجل التجاري, الرمز البريدي"
2065,شركة كنوز العالمية المحدودة - مركز المدينة,"السجل التجاري, الرمز البريدي"
2066,شركة عوض حامد حسن الحربي للتجارة,"السجل التجاري, الرمز البريدي"
2103,مؤسسة محمد عمر سعيد بافيل التجارية,"السجل التجاري, الرمز البريدي"
2105,شركة افاق رابية,"السجل التجاري, الرمز البريدي"
2114,شركة مقام الريم التجارية,"السجل التجاري, الرمز البريدي"
2098,مؤسسة الصقر تمكين للاجهزة المنزلية,"السجل التجاري, الرمز البريدي"
2112,مؤسسة بين الأجهزة للتمييز,"السجل التجاري, الرمز البريدي"
2117,شركة نور سمارت,"السجل التجاري, الرمز البريدي"
2125,مؤسسة حنان علي ابراهيم العلوي للاجهزة المنزلية,"السجل التجاري, الرمز البريدي"
2251,شركة اللحوم الوردية لتصنيف اللحوم,"السجل التجاري, الرمز البريدي"
2146,مؤسسة ربيع المتحدون للتجارة,"السجل التجاري, الرمز البريدي"
2149,مؤسسة ربيع الفيصل للأجهزة المنزلية,"السجل التجاري, الرمز البريدي"
2150,شركة الاجهزة والتجهيزات للتجارة,"السجل التجاري, الرمز البريدي"
2158,شركة الربيع والشتاء للتجارة,"السجل التجاري, الرمز البريدي"
2151,شركة اضواء القمر الحديثة للأجهزة المنزلية,"السجل التجاري, الرمز البريدي"
2152,شركة ضياء المستقبل للتجارة,"السجل التجاري, الرمز البريدي"
2113,مؤسسة الوسيم الجديد للتبريد والتكيف,"السجل التجاري, الرمز البريدي"
2109,شركة عبدالله صالح السلطان واولاده,"السجل التجاري, الرمز البريدي"
2119,شركة درب الخبراء,"السجل التجاري, الرمز البريدي"
2097,مؤسسة الصفوة الكوكب للمقاولات,"السجل التجاري, الرمز البريدي"
2131,مؤسسة عبدالرحيم قبل صنيدح العتيبي للأجهزة الإلكترونية,"السجل التجاري, الرمز البريدي"
2133,محل امواج الخليج للأجهزة المنزلية,"السجل التجاري, الرمز البريدي"
2137,شركة العثمان التجارية,"السجل التجاري, الرمز البريدي"
2138,شركة نفوذ المجال  التجارية,"السجل التجاري, الرمز البريدي"
2139,شركة جبال الاندلس للتجارة,"السجل التجاري, الرمز البريدي"
2140,مؤسسة تقنية الاسد لتجارة الجملة والتجزئة,"السجل التجاري, الرمز البريدي"
2141,شركة الراج الاصلي المحدودة,"السجل التجاري, الرمز البريدي"
2142,شركة ركن المحيط التجارية,"السجل التجاري, الرمز البريدي"
2143,مؤسسة الصفوة الكوكب للمقاولات,"السجل التجاري, الرمز البريدي"
2144,مؤسسة بست ون التجارة,"السجل التجاري, الرمز البريدي"
2145,شركة عبدالله صالح السلطان واولاده,"السجل التجاري, الرمز البريدي"
2147,شركة مخازن المملكة العالمية التجارية فرع طويق,"السجل التجاري, الرمز البريدي"
2154,مؤسسة التقدم والانجاز للتجارة,"السجل التجاري, الرمز البريدي"
2243,مؤسسة عبدالعزيز حمد النهدي للتجارة,"السجل التجاري, الرمز البريدي"
2366,مؤسسة ابراهيم فهد بن ابراهيم الليفان التجارية,"السجل التجاري, الرمز البريدي"
2153,مؤسسة ركن المستقبل التجارية,"السجل التجاري, الرمز البريدي"
2155,شركة الساحة العالمية للتجارة,"السجل التجاري, الرمز البريدي"
2156,شركة كنز الشتاء للمفارش,"السجل التجاري, الرمز البريدي"
2157,شركة سما شمس  المحدودة,"السجل التجاري, الرمز البريدي"
2159,اسواق توب اب فاميلي المركزية,"السجل التجاري, الرمز البريدي"
2210,شركة رومي المميزة للتجارة,"السجل التجاري, الرمز البريدي"
2213,شركة  عون المربي للتجارة,"السجل التجاري, الرمز البريدي"
2161,شركة ايلاف المتطورة التجارية,"السجل التجاري, الرمز البريدي"
2164,شركة الحسين توب اب للتجارة,"السجل التجاري, الرمز البريدي"
2165,مؤسسة أركان الصنعة للصيانة,"السجل التجاري, الرمز البريدي"
2160,مؤسسة بحر الاجهزة الكهربائية,"السجل التجاري, الرمز البريدي"
2173,شركة العين المعمورة التجارية,"السجل التجاري, الرمز البريدي"
2371,مؤسسة جنوب بلادي التجارية,"السجل التجاري, الرمز البريدي"
2388,شركة إيفينت ستوري,"السجل التجاري, الرمز البريدي"
2389,مؤسسة عمل اليوم الامنية,"السجل التجاري, الرمز البريدي"
2203,مؤسسسة بيت الاستبدال للاجهزة المنزلية,"السجل التجاري, الرمز البريدي"
2179,مؤسسة دائرة الهدف التجارية,"السجل التجاري, الرمز البريدي"
2180,مؤسسة عبدالرحمن بن زيد محمد التميمي,"السجل التجاري, الرمز البريدي"
2185,مؤسسة البيت السعودي التجارية,"السجل التجاري, الرمز البريدي"
2183,مؤسسة الرمال الشاملة للأجهزة الإلكترونية,"السجل التجاري, الرمز البريدي"
2189,شركة الشويرد للتكييف,"السجل التجاري, الرمز البريدي"
2268,شركة دره الخليج المتطورة,"السجل التجاري, الرمز البريدي"
2264,مؤسسة امواج بحر لمواد البناء,"السجل التجاري, الرمز البريدي"
2265,مؤسسة مياه المزنة العذبة للتجارة,"السجل التجاري, الرمز البريدي"
2266,شركة روائع البندقية للتجارة,"السجل التجاري, الرمز البريدي"
2267,مؤسسة تكس الصلب التجارية,"السجل التجاري, الرمز البريدي"
2190,محل عباقرة الجزيرة للجهزة الإلكترونية,"السجل التجاري, الرمز البريدي"
2191,شركة اوشن سفن للتجار ة,"السجل التجاري, الرمز البريدي"
2184,مؤسسة عاصمة الجليد التجارية,"السجل التجاري, الرمز البريدي"
2192,شركة منار المنصورة للتجارة,"السجل التجاري, الرمز البريدي"
2186,مؤسسة علي عادل بن علي الهاشم,"السجل التجاري, الرمز البريدي"
2198,مؤسسة لين المميزة للتجارة,"السجل التجاري, الرمز البريدي"
2222,شركة مجموعة سمنان القابضة مساهمة مقفلة,"السجل التجاري, الرمز البريدي"
2206,مؤسسة صنعة باليد التجارية,"السجل التجاري, الرمز البريدي"
2207,شركة أجواء الربيع والصيف,"السجل التجاري, الرمز البريدي"
2208,مؤسسة تكيف المتكامل,"السجل التجاري, الرمز البريدي"
2233,مؤسسة القصادي للتجارة,"السجل التجاري, الرمز البريدي"
2234,مؤسسة تلفاز فيصل للتجارة,"السجل التجاري, الرمز البريدي"
2235,مؤسسة لأجلك ومن اجلك التجارية,"السجل التجاري, الرمز البريدي"
2236,مؤسسة الركن الشامخ للأجهزة الإلكترونية,"السجل التجاري, الرمز البريدي"
2277,شركة بدور الامنية,"السجل التجاري, الرمز البريدي"
2286,تموينات رواسي النظيم للمواد الغذائية,"السجل التجاري, الرمز البريدي"
2227,مؤسسة مطراء شداد هذيمر الحربي للمقاولات,"السجل التجاري, الرمز البريدي"
2211,شركة ريم كول,"السجل التجاري, الرمز البريدي"
2212,شركة طرق العماد,"السجل التجاري, الرمز البريدي"
2214,مؤسسة طيار احمد علي الطيار التجارية,"السجل التجاري, الرمز البريدي"
2204,شركة عالم المستقبل الشامل للاجهزة الإلكترونية,"السجل التجاري, الرمز البريدي"
2205,مؤسسة غالية علي عبدالله الزهراني للأجهزة الإلكترونية,"السجل التجاري, الرمز البريدي"
2215,مؤسسة اجهزة  سما اليسر,"السجل التجاري, الرمز البريدي"
2209,شركة سيف إكس,"السجل التجاري, الرمز البريدي"
2219,شركة الصفوة بلس للاجهزة الإلكترونية,"السجل التجاري, الرمز البريدي"
2220,شركة حار بارد التجاربة,"السجل التجاري, الرمز البريدي"
2221,مؤسسة كنده الماسية,"السجل التجاري, الرمز البريدي"
2225,شركة عوض حامد حسن الحربي التجارية,"السجل التجاري, الرمز البريدي"
2230,مؤسسة عصر الطاقة المستديمة التجارية,"السجل التجاري, الرمز البريدي"
2231,مؤسسة الاله الفنية,"السجل التجاري, الرمز البريدي"
2232,مؤسسة إرسال للأجهزة الإلكترونية,"السجل التجاري, الرمز البريدي"
2392, مؤسسة النظام الرقمي للمقاولات العامة,"السجل التجاري, الرمز البريدي"
2393,شركة ايكون الدولية التجارية,"السجل التجاري, الرمز البريدي"
2258,مؤسسة النجاح المعتمد,"السجل التجاري, الرمز البريدي"
2259,مؤسسة مرضي سعد القريني للتجارة,"السجل التجاري, الرمز البريدي"
2260,شقق رونق المنسك المخدومة,"السجل التجاري, الرمز البريدي"
2239,شركة ايكون الدولية للتجارة,"السجل التجاري, الرمز البريدي"
2244,مؤسسة أرض الليزر التجارية,"السجل التجاري, الرمز البريدي"
2253,شركة نوادر الأصول للتجارة,"السجل التجاري, الرمز البريدي"
2254,شركة النماء هوم المحدودة,"السجل التجاري, الرمز البريدي"
2255,مؤسسة موجة الصيف للأجهزة المنزلية,"السجل التجاري, الرمز البريدي"
2261,مؤسسة ركن الجليد لتجارة الجملة والتجزئة,"السجل التجاري, الرمز البريدي"
2242,مؤسسة روائع البيت المميز للمطابخ,"السجل التجاري, الرمز البريدي"
2262,مؤسسة ورق الشجر لتقديم الوجبات,"السجل التجاري, الرمز البريدي"
2263,شركة اتجاه البركة,"السجل التجاري, الرمز البريدي"
2269,شركة المتمكن للتجارة,"السجل التجاري, الرمز البريدي"
2273,شركة اسوار الفخامة للشقق المخدومة,"السجل التجاري, الرمز البريدي"
2279,شركة موتور القيادة,"السجل التجاري, الرمز البريدي"
2280,شركة منابع نبته التجارية,"السجل التجاري, الرمز البريدي"
2281,مؤسسة هلا الصيف للتجارة,"السجل التجاري, الرمز البريدي"
2282,مؤسسة بوابة الاجهزة,"السجل التجاري, الرمز البريدي"
2283,مؤسسة اجهزة ريفا,"السجل التجاري, الرمز البريدي"
2284,شركة اليوم نجمة للتجارة,"السجل التجاري, الرمز البريدي"
2285,مؤسسة مصدر الأجهزة للتجارة,"السجل التجاري, الرمز البريدي"
2307,مؤسسة رايك للأمن والسلامة,"السجل التجاري, الرمز البريدي"
2308,شركة صفاء الخير للادوات الصحية,"السجل التجاري, الرمز البريدي"
2309,محل علياء سعود عوض الحربي للتجارة,"السجل التجاري, الرمز البريدي"
2377, شركة نجوم العمران للمقاولات,"السجل التجاري, الرمز البريدي"
2317,شركة السعودية للتطريز والملابس الجاهزة,"السجل التجاري, الرمز البريدي"
2318,شركة ركن المعدات والشاحنات للتجارة,"الرقم الضريبي, السجل التجاري, الرمز البريدي"
2381,شركة منازل المرجان للشقق المفروشة,"السجل التجاري, الرمز البريدي"
2337,مؤسسة ركن واتن لتقديم المشروبات,"السجل التجاري, الرمز البريدي"
2372,شركة زهرة حواء للصناعة,"السجل التجاري, الرمز البريدي"
2356,شركة الصائده للتجارة,"السجل التجاري, الرمز البريدي"
2322,مؤسسة محسن غالب محسن الكثيري للتجارة,"السجل التجاري, الرمز البريدي"
2323,شركة نجم البر للتجارة,"السجل التجاري, الرمز البريدي"
2324,مصنع عطا الله للزخرفه الحديدية للصناعات,"السجل التجاري, الرمز البريدي"
2325,شركة اتحاد الملاك للتجارة,"السجل التجاري, الرمز البريدي"
2326,شركة البيوت العربية للأجهزة المنزلية,"السجل التجاري, الرمز البريدي"
2334,مؤسسة تيكنو وينتر,"السجل التجاري, الرمز البريدي"
2335,شركة بدون منافس,"السجل التجاري, الرمز البريدي"
2315,مؤسسة رعد الجليد التجارية,"السجل التجاري, الرمز البريدي"
2316,شركة لين ستار المحدودة,"السجل التجاري, الرمز البريدي"
2319,شركة دريم جويلري,"السجل التجاري, الرمز البريدي"
2350,مصنع ياسر للخزائن الحديدية المأمونة,"السجل التجاري, الرمز البريدي"
2351,شركة عبق المستقبل للمقاولات,"السجل التجاري, الرمز البريدي"
2352,شركة الهاتف المتقدم للتجارة,"السجل التجاري, الرمز البريدي"
2353,مؤسسة عبدالعزيز خضر محمد الخالدي التجالرية,"السجل التجاري, الرمز البريدي"
2355,مؤسسة أمواج الاندلس للتجارة,"السجل التجاري, الرمز البريدي"
2370,شركة الذوق الأنيق للتجارة والمقاولات,"السجل التجاري, الرمز البريدي"
2339,مؤسسة أجهزة البيت الحديث للتجارة,"السجل التجاري, الرمز البريدي"
2310,مؤسسة منبع الوادي لنقل وتوزيع المياه,"السجل التجاري, الرمز البريدي"
2338,شركة صقر الجزيرة للصناعة والتجارة والمقاولات,"السجل التجاري, الرمز البريدي"
2358,مؤسسة نجم المنبع للتجارة,"السجل التجاري, الرمز البريدي"
2359,مؤسسة سلامه موسى الاربش,"السجل التجاري, الرمز البريدي"
2360,مؤسسة رعد الجليد التجارية,"السجل التجاري, الرمز البريدي"
2361,محل بازي عبدالله الشكري للتجارة,"السجل التجاري, الرمز البريدي"
2362,محل شروق حسن العون للتجارة,"السجل التجاري, الرمز البريدي"
2365,مؤسسة عمر محمد عمر نقيش للمقاولات,"السجل التجاري, الرمز البريدي"
2329,مؤسسة صقر العرب الذهبي,"السجل التجاري, الرمز البريدي"
2330,مؤسسة الكون ستور للتجارة,"السجل التجاري, الرمز البريدي"
2373,مؤسسة خالد وليد سالم المهري للأجهزة الإلكترونية,"السجل التجاري, الرمز البريدي"
2374,شركة ريان الخير الحديثة,"السجل التجاري, الرمز البريدي"
2380,شركة فرصة الأناقة التجارية,"السجل التجاري, الرمز البريدي"
2383,شركة ستاتيك,"السجل التجاري, الرمز البريدي"
2331,شركة عالم الرقي المميز,"السجل التجاري, الرمز البريدي"
2332,مؤسسة واحة الجليد للمقاولات,"السجل التجاري, الرمز البريدي"
2333,الشركة السعودية للخدمات المحدوده,"السجل التجاري, الرمز البريدي"
2354,شركة تروفى التجارية مساهمة غير مدجة,"السجل التجاري, الرمز البريدي"
2364,مؤسسسة حمد محمد عثمان رياني للأجهزة المنزلية,"السجل التجاري, الرمز البريدي"
2367,مؤسسة سدرا للاكترونيات,"السجل التجاري, الرمز البريدي"
2368,مؤسسة اصل التكييف للتجارة,"السجل التجاري, الرمز البريدي"
2385,شركة الحماية المتقدمة الامنية,"السجل التجاري, الرمز البريدي"
2394,شركة الجهاز الفاخر للأجهزة المنزلية,"السجل التجاري, الرمز البريدي"
2287,مؤسسة سرد الغذائية,"السجل التجاري, الرمز البريدي"
2288,مؤسسة فارس الافق للأجهزة الإلكترونية,"السجل التجاري, الرمز البريدي"
2289,شركة تمكين ستور المحدودة,"السجل التجاري, الرمز البريدي"
2290,مؤسسة اللبنات المرصوصة للتجارة,"السجل التجاري, الرمز البريدي"
2291,مؤسسة بدر عبدالعزيز العبدالكريم للتجارة,"السجل التجاري, الرمز البريدي"
2292,مؤسسة ريف حلانا للحلويات والمكسرات,"السجل التجاري, الرمز البريدي"
2293,مؤسسة مركز حلول رائدة للتعليم,"السجل التجاري, الرمز البريدي"
2295,مؤسسة خطوط المستقبل لتنظيم المعارض والمؤتمرات,"السجل التجاري, الرمز البريدي"
2296,فندق عبدالله مبروك سالم الصيعري للشقق الفندقية,"السجل التجاري, الرمز البريدي"
2297,شركة ابطال الشبكة للتجارة,"السجل التجاري, الرمز البريدي"
2298,شركة تقديم الاعمار للمقاولات العامة,"السجل التجاري, الرمز البريدي"
2299,شركة بواني الشرق للمقاولات,"السجل التجاري, الرمز البريدي"
2300,مؤسسة علي عبدالله محمد القرني,"السجل التجاري, الرمز البريدي"
2301,مؤسسة احمد عبدالمحسن الدغفق للتجارة,"السجل التجاري, الرمز البريدي"
2302,شركة المبني العصري الذكي,"السجل التجاري, الرمز البريدي"
2303,شركة تاج التنمية للتجارة,"السجل التجاري, الرمز البريدي"
2304,شركة الاضواء الحديثة المتكاملة,"السجل التجاري, الرمز البريدي"
2306,شركة فخر الأجهزة للتجارة,"السجل التجاري, الرمز البريدي"
2311,شركة بريق الاسعار التجارية,"السجل التجاري, الرمز البريدي"
2312,شركة مجموعة سدر للتجارة والمقاولات شركة مساهمة مقفلة,"السجل التجاري, الرمز البريدي"
2313,شركة محمد سعود الهمامي التجارية,"السجل التجاري, الرمز البريدي"
2327,مؤسسة سيل نوفا التجارية,"السجل التجاري, الرمز البريدي"
2328,شركة الأدوات المعتددة للتجارة,"السجل التجاري, الرمز البريدي"
2336,شقق منازل اليمامه للشقق المخدومة,"السجل التجاري, الرمز البريدي"
2341,مؤسسة تقنية البرودة التجارية,"السجل التجاري, الرمز البريدي"
2342,شركة مشاهير المطابخ للصناعة,"السجل التجاري, الرمز البريدي"
2343,مؤسسة مشعل محمد جحفال العنزي التجارية,"السجل التجاري, الرمز البريدي"
2344,مؤسسة نقطة نقا لنقل المياه,"السجل التجاري, الرمز البريدي"
2345,مؤسسة أطلال الغربية للتجارة,"السجل التجاري, الرمز البريدي"
2347,مؤسسة الرمال الزاحفة لتاجير لوازم المناسبات,"السجل التجاري, الرمز البريدي"
2348,مؤسسة عدنان عبدالله السالم التجارية,"السجل التجاري, الرمز البريدي"
2349,مؤسسة الخيار الأول لمشاريع التكييف والأجهزة الكهربائية,"السجل التجاري, الرمز البريدي"
