DOC_TYPE,DOC_TYPE_NAME,DOC_NO,DOC_DATE,C_CODE,DEBIT,CREDIT,BALANCE,DOC_NO_DUP
3,أخرى (3),1,2026-01-01,,161000.0,0.0,161000.0,1
6,أخرى (6),11,2026-01-05,,0.0,2500.0034,-2500.0034,11
6,أخرى (6),13,2026-01-13,,0.0,4140.0,-4140.0,13
6,أخرى (6),27,2026-01-16,,0.0,128240.18,-128240.18,27
3,أخرى (3),8,2026-01-18,,496800.0,0.0,496800.0,8
6,أخرى (6),21,2026-01-21,,0.0,496800.0,-496800.0,21
6,أخرى (6),28,2026-01-21,,0.0,111513.2,-111513.2,28
6,أخرى (6),23,2026-01-22,,0.0,799.9975,-799.9975,23
16,أخرى (16),1,2026-01-25,,4945.0,0.0,4945.0,1
6,أخرى (6),29,2026-01-25,,0.0,2458.792,-2458.792,29
6,أخرى (6),46,2026-01-25,,0.0,1717.9965,-1717.9965,46
6,أخرى (6),33,2026-01-29,,0.0,3159.18,-3159.18,33
6,أخرى (6),35,2026-01-31,,0.0,4016.168,-4016.168,35
6,أخرى (6),38,2026-01-31,,0.0,231131.3585,-231131.3585,38
6,أخرى (6),39,2026-01-31,,0.0,5861.32,-5861.32,39
6,أخرى (6),45,2026-02-03,,0.0,471.0055,-471.0055,45
6,أخرى (6),47,2026-02-03,,0.0,3752.9491,-3752.9491,47
6,أخرى (6),53,2026-02-03,,0.0,4028.9721,-4028.9721,53
6,أخرى (6),56,2026-02-03,,0.0,145084.0,-145084.0,56
6,أخرى (6),57,2026-02-07,,0.0,92479.55,-92479.55,57
6,أخرى (6),62,2026-02-12,,0.0,2148.982,-2148.982,62
6,أخرى (6),63,2026-02-12,,0.0,1250.004,-1250.004,63
6,أخرى (6),64,2026-02-12,,0.0,1464.272,-1464.272,64
6,أخرى (6),86,2026-02-12,,0.0,5945.5,-5945.5,86
6,أخرى (6),68,2026-02-14,,0.0,45000.0037,-45000.0037,68
6,أخرى (6),77,2026-02-14,,0.0,337811.6289,-337811.6289,77
6,أخرى (6),79,2026-02-14,,0.0,33114.342,-33114.342,79
6,أخرى (6),80,2026-02-14,,0.0,16567.038,-16567.038,80
6,أخرى (6),81,2026-02-14,,0.0,132250.0,-132250.0,81
6,أخرى (6),82,2026-02-14,,0.0,129374.8793,-129374.8793,82
6,أخرى (6),69,2026-02-15,,0.0,45264.0,-45264.0,69
6,أخرى (6),83,2026-02-16,,0.0,4974.4918,-4974.4918,83
6,أخرى (6),74,2026-02-17,,0.0,2219.9945,-2219.9945,74
7,أخرى (7),1,2026-02-21,,3927.9918,0.0,3927.9918,1
6,أخرى (6),87,2026-02-21,,0.0,12678.75,-12678.75,87
6,أخرى (6),85,2026-02-22,,0.0,131.192,-131.192,85
6,أخرى (6),90,2026-02-24,,0.0,1899.9955,-1899.9955,90
6,أخرى (6),103,2026-02-26,,0.0,110381.14,-110381.14,103
6,أخرى (6),114,2026-02-26,,0.0,14231.25,-14231.25,114
6,أخرى (6),91,2026-03-01,,0.0,47150.0,-47150.0,91
6,أخرى (6),92,2026-03-01,,0.0,94300.0,-94300.0,92
6,أخرى (6),93,2026-03-01,,0.0,1886.0,-1886.0,93
6,أخرى (6),96,2026-03-01,,0.0,192.5537,-192.5537,96
6,أخرى (6),109,2026-03-01,,0.0,1349.9965,-1349.9965,109
6,أخرى (6),97,2026-03-03,,0.0,3959.979,-3959.979,97
6,أخرى (6),106,2026-03-04,,0.0,8644.4442,-8644.4442,106
6,أخرى (6),107,2026-03-04,,0.0,286.833,-286.833,107
6,أخرى (6),101,2026-03-05,,0.0,1979.9861,-1979.9861,101
6,أخرى (6),102,2026-03-05,,0.0,1181.2455,-1181.2455,102
6,أخرى (6),105,2026-03-05,,0.0,392.15,-392.15,105
6,أخرى (6),104,2026-03-07,,0.0,1282.4915,-1282.4915,104
6,أخرى (6),108,2026-03-07,,0.0,1320.0045,-1320.0045,108
6,أخرى (6),111,2026-03-07,,0.0,690000.0,-690000.0,111
6,أخرى (6),120,2026-03-07,,0.0,1979.9849,-1979.9849,120
6,أخرى (6),113,2026-03-09,,0.0,94218.8376,-94218.8376,113
6,أخرى (6),119,2026-03-11,,0.0,2380.5426,-2380.5426,119
6,أخرى (6),130,2026-03-11,,0.0,358800.0,-358800.0,130
6,أخرى (6),126,2026-03-12,,0.0,7429.2772,-7429.2772,126
6,أخرى (6),127,2026-03-14,,0.0,3587.6665,-3587.6665,127
6,أخرى (6),128,2026-03-14,,0.0,262.384,-262.384,128
6,أخرى (6),129,2026-03-14,,0.0,288.834,-288.834,129
6,أخرى (6),131,2026-03-16,,0.0,96164.4375,-96164.4375,131
6,أخرى (6),132,2026-03-17,,0.0,14490.0,-14490.0,132
6,أخرى (6),135,2026-03-17,,0.0,1434.0983,-1434.0983,135
6,أخرى (6),136,2026-03-25,,0.0,898.38,-898.38,136
6,أخرى (6),140,2026-03-26,,0.0,9551.67,-9551.67,140
6,أخرى (6),141,2026-03-28,,0.0,3019.0858,-3019.0858,141
7,أخرى (7),2,2026-03-31,,3312.0,0.0,3312.0,2
7,أخرى (7),3,2026-03-31,,2587.4885,0.0,2587.4885,3
7,أخرى (7),4,2026-03-31,,7728.0,0.0,7728.0,4
7,أخرى (7),5,2026-03-31,,5520.0,0.0,5520.0,5
6,أخرى (6),144,2026-03-31,,0.0,1461.42,-1461.42,144
6,أخرى (6),145,2026-03-31,,0.0,179986.5,-179986.5,145
6,أخرى (6),146,2026-03-31,,0.0,353999.9,-353999.9,146
6,أخرى (6),149,2026-04-03,,0.0,665.0025,-665.0025,149
7,أخرى (7),6,2026-04-04,,1250.004,0.0,1250.004,6
6,أخرى (6),148,2026-04-04,,0.0,2675.0035,-2675.0035,148
6,أخرى (6),150,2026-04-05,,0.0,3959.91,-3959.91,150
16,أخرى (16),3,2026-04-06,,34000.003,0.0,34000.003,3
6,أخرى (6),152,2026-04-07,,0.0,4774.501,-4774.501,152
3,أخرى (3),262,2026-04-07,,26922.0,0.0,26922.0,262
6,أخرى (6),157,2026-04-08,,0.0,57600.0022,-57600.0022,157
6,أخرى (6),153,2026-04-09,,0.0,950.0035,-950.0035,153
6,أخرى (6),154,2026-04-12,,0.0,950.0035,-950.0035,154
6,أخرى (6),194,2026-04-13,,0.0,7983.8077,-7983.8077,194
6,أخرى (6),170,2026-04-15,,0.0,1919.4328,-1919.4328,170
6,أخرى (6),178,2026-04-17,,0.0,13800.0,-13800.0,178
6,أخرى (6),165,2026-04-18,,0.0,1654.2394,-1654.2394,165
6,أخرى (6),167,2026-04-18,,0.0,39675.0,-39675.0,167
6,أخرى (6),195,2026-04-20,,0.0,12197.3025,-12197.3025,195
6,أخرى (6),171,2026-04-21,,0.0,1640.0035,-1640.0035,171
6,أخرى (6),172,2026-04-22,,0.0,2699.9953,-2699.9953,172
6,أخرى (6),174,2026-04-23,,0.0,2407.4445,-2407.4445,174
6,أخرى (6),176,2026-04-23,,0.0,18350.504,-18350.504,176
6,أخرى (6),175,2026-04-26,,0.0,201721.8153,-201721.8153,175
6,أخرى (6),181,2026-04-26,,0.0,1290.8865,-1290.8865,181
6,أخرى (6),182,2026-04-27,,0.0,409.998,-409.998,182
6,أخرى (6),196,2026-04-29,,0.0,379.6725,-379.6725,196
6,أخرى (6),198,2026-04-30,,0.0,9775.5152,-9775.5152,198
6,أخرى (6),186,2026-05-02,,0.0,1374.9975,-1374.9975,186
6,أخرى (6),187,2026-05-02,,0.0,26311.9411,-26311.9411,187
6,أخرى (6),190,2026-05-03,,0.0,17767.5,-17767.5,190
6,أخرى (6),192,2026-05-03,,0.0,2012.5,-2012.5,192
6,أخرى (6),199,2026-05-04,,0.0,1200.002,-1200.002,199
6,أخرى (6),197,2026-05-05,,0.0,6577.9908,-6577.9908,197
6,أخرى (6),201,2026-05-05,,0.0,383.6055,-383.6055,201
6,أخرى (6),200,2026-05-06,,0.0,900.0015,-900.0015,200
3,أخرى (3),393,2026-05-06,,200000.0,0.0,200000.0,393
6,أخرى (6),204,2026-05-09,,0.0,1771.0,-1771.0,204
6,أخرى (6),206,2026-05-10,,0.0,1349.9965,-1349.9965,206
6,أخرى (6),213,2026-05-12,,0.0,11099.9955,-11099.9955,213
6,أخرى (6),214,2026-05-13,,0.0,970.002,-970.002,214
6,أخرى (6),221,2026-05-13,,0.0,289237.7859,-289237.7859,221
6,أخرى (6),222,2026-05-13,,0.0,239371.4655,-239371.4655,222
6,أخرى (6),223,2026-05-13,,0.0,228218.6302,-228218.6302,223
6,أخرى (6),228,2026-05-17,,0.0,745.9245,-745.9245,228
6,أخرى (6),229,2026-05-17,,0.0,84.9965,-84.9965,229
3,أخرى (3),439,2026-05-20,,151000.0,0.0,151000.0,439
6,أخرى (6),230,2026-05-22,,0.0,13915.0,-13915.0,230
3,أخرى (3),452,2026-05-23,,225708.0,0.0,225708.0,452
6,أخرى (6),232,2026-05-24,,0.0,25530.0,-25530.0,232
6,أخرى (6),233,2026-05-24,,0.0,289444.8754,-289444.8754,233
6,أخرى (6),234,2026-05-24,,0.0,228218.6302,-228218.6302,234
6,أخرى (6),239,2026-05-25,,0.0,2587.5,-2587.5,239
3,أخرى (3),472,2026-05-25,,23805.0,0.0,23805.0,472
6,أخرى (6),236,2026-05-31,,0.0,2350.002,-2350.002,236
6,أخرى (6),238,2026-05-31,,0.0,1299.5,-1299.5,238
3,أخرى (3),466,2026-05-31,,211000.0,0.0,211000.0,466
6,أخرى (6),240,2026-06-01,,0.0,3898.5,-3898.5,240
6,أخرى (6),241,2026-06-01,,0.0,950.0035,-950.0035,241
6,أخرى (6),242,2026-06-01,,0.0,238048.9712,-238048.9712,242
6,أخرى (6),243,2026-06-01,,0.0,228218.6302,-228218.6302,243
6,أخرى (6),244,2026-06-01,,0.0,229426.1362,-229426.1362,244
6,أخرى (6),245,2026-06-01,,0.0,292549.669,-292549.669,245
6,أخرى (6),246,2026-06-01,,0.0,238048.965,-238048.965,246
6,أخرى (6),248,2026-06-01,,0.0,2950.003,-2950.003,248
6,أخرى (6),256,2026-06-06,,0.0,2937.3841,-2937.3841,256
6,أخرى (6),259,2026-06-07,,0.0,2070.276,-2070.276,259
6,أخرى (6),271,2026-06-13,,0.0,402.04,-402.04,271
6,أخرى (6),277,2026-06-14,,0.0,1299.5,-1299.5,277
6,أخرى (6),274,2026-06-18,,0.0,231840.0,-231840.0,274
6,أخرى (6),301,2026-06-18,,0.0,1431.75,-1431.75,301
5,مرتجع مبيعات آجل,2621130206,2026-06-20,2127,0.0,199910.25,-199910.25,2621130206
16,أخرى (16),4,2026-06-21,,8280.0,0.0,8280.0,4
3,أخرى (3),156,2026-06-21,,150000.0,0.0,150000.0,156
6,أخرى (6),273,2026-06-21,,0.0,334.995,-334.995,273
6,أخرى (6),275,2026-06-22,,0.0,950.0035,-950.0035,275
6,أخرى (6),276,2026-06-22,,0.0,716.9537,-716.9537,276
6,أخرى (6),278,2026-06-22,,0.0,3128.0,-3128.0,278
6,أخرى (6),286,2026-06-23,,0.0,1099.998,-1099.998,286
6,أخرى (6),284,2026-06-24,,0.0,1455.003,-1455.003,284
6,أخرى (6),302,2026-06-29,,0.0,4208.9828,-4208.9828,302
6,أخرى (6),304,2026-06-30,,0.0,4199.9955,-4199.9955,304
6,أخرى (6),305,2026-06-30,,0.0,12626.9586,-12626.9586,305
6,أخرى (6),310,2026-07-05,,0.0,1374.9975,-1374.9975,310
6,أخرى (6),319,2026-07-05,,0.0,517.5,-517.5,319
6,أخرى (6),316,2026-07-07,,0.0,5611.9862,-5611.9862,316
6,أخرى (6),320,2026-07-08,,0.0,1322.5,-1322.5,320
6,أخرى (6),315,2026-07-09,,0.0,3691.513798,-3691.513798,315
3,أخرى (3),611,2026-07-09,,1000000.0,0.0,1000000.0,611
6,أخرى (6),318,2026-07-11,,0.0,231840.0,-231840.0,318
6,أخرى (6),322,2026-07-11,,0.0,2645.0,-2645.0,322
6,أخرى (6),321,2026-07-12,,0.0,8417.9793,-8417.9793,321
6,أخرى (6),324,2026-07-12,,0.0,2951.8085,-2951.8085,324
3,أخرى (3),623,2026-07-12,,200005.75,0.0,200005.75,623
6,أخرى (6),323,2026-07-14,,0.0,334.995,-334.995,323
16,أخرى (16),6,2026-07-15,,8280.0,0.0,8280.0,6
6,أخرى (6),334,2026-07-16,,0.0,2100.0035,-2100.0035,334
6,أخرى (6),337,2026-07-17,,0.0,2012.5,-2012.5,337
3,أخرى (3),645,2026-07-19,,1000000.0,0.0,1000000.0,645
6,أخرى (6),351,2026-07-26,,0.0,1790.9525,-1790.9525,351
6,أخرى (6),356,2026-07-29,,0.0,381915.0,-381915.0,356
3,أخرى (3),167,2026-07-30,,200000.0,0.0,200000.0,167
