رقم العميل,اسم العميل,المديونية (ريال),تمت حركة في 2026,حالة المبيعات,الإيقاف الكلي,رقم الجوال / الهاتف
2155,شركة الساحة العالمية للتجارة,1538273.00,نعم,نشط,نشط,0555406223
1035,شركة الوكيل العام للتجارة,1503322.50,نعم,نشط,نشط,0561978886
2189,شركة الشويرد للتكييف,622027.33,نعم,نشط,نشط,0558787813
1662,شركة الابراج الجديدة للتجارة- New Towers Trading company,535031.55,نعم,نشط,نشط,0555177982
2153,مؤسسة ركن المستقبل التجارية,480248.81,نعم,نشط,نشط,0537748425 / 0551376786
1121,مؤسسة هله الشراري -الباشا - طبرجل,473478.88,نعم,نشط,نشط,572217380
1182,شركة الشرقية الغربية هيبر ماركت الرياض ((نستو )),460932.92,نعم,نشط,نشط,0555043615
1119,شركة ركن بشاة للتجارة,456357.74,نعم,نشط,نشط,0550653954
1856,مؤسسة يوسف عبدالله بن ظليفان الشراري للاجهزة المنزلية,439862.37,نعم,نشط,نشط,0543077719
2149,مؤسسة ربيع الفيصل للأجهزة المنزلية,426649.68,نعم,نشط,نشط,0534449243
1013,شركة الأجهزة الحديثة للأجهزة المنزلية,419089.50,نعم,نشط,نشط,0505150569
1690,مؤسسة حسين فهد متعب المزيد للاجهزة المنزلية,406438.40,نعم,نشط,نشط,0553331955
1143,شركة خالد احمد العبودي للتجارة,375880.49,نعم,نشط,نشط,0557377778
1483,شركة الرائد للاجهزة المنزلية,360359.46,نعم,نشط,نشط,0531295575
1201,شركة نجم الاجهزة للتجارة,357868.15,نعم,نشط,نشط,0562233433
1978,شركة كنز الاجهزة للتجارة,345031.18,نعم,نشط,نشط,0583739643
1267,مؤسسة سما سيما للتجارة,342866.99,نعم,نشط,نشط,0559938386
2049,شركة الحلو المتقدمة,339336.46,نعم,نشط,نشط,0545161620 / 0500453737
2141,شركة الراج الاصلي المحدودة,297283.59,نعم,نشط,نشط,0541005852
1844,شركة منافذ للتكييف والتبريد,293691.65,نعم,نشط,نشط,0557504962
2164,شركة الحسين توب اب للتجارة,278368.60,نعم,نشط,نشط,0593909374
1569,منديل / جيزان,275172.68,نعم,نشط,نشط,0539113275
1213,شركة الشرقية الغربية هيبر ماركت  الدمام(نستو),273480.94,نعم,نشط,نشط,0555172915
1680,مؤسسة باسل فهد المزيد التجارية,272981.44,نعم,نشط,نشط,0505131474
1381,شركة بن حمود السعودية للتجارة,259345.90,نعم,نشط,نشط,0509793522
1846,شركة النيل المميزة للتجارة,237477.55,نعم,نشط,نشط,0581235606 / 0562460128
1735,شركة التوفيق الحديثة للاجهزة الالكترونية,237404.96,نعم,نشط,نشط,0506651371 / 0535877160
1261,مؤسسة تمام للاجهزة الالكترونية,230667.39,نعم,موقوف,نشط,0505899597
1379,مؤسسة نجد للاجهزة الالكترونية,230386.58,نعم,نشط,نشط,0541357773
1732,مؤسسة طالع محمد بن طالع عسيري التجارية,228920.27,نعم,نشط,نشط,0509920026
1712,مؤسسة أول الصيف للتجارة,227966.15,نعم,نشط,نشط,0508702981
1343,مؤسسة مفرح غربي نحيطر العنزي للتجارة /مكتب ابداع الانجاز,226154.85,نعم,نشط,نشط,0554171498
1269,مؤسسة صندوق الاجهزة للتجارة  0504485905,225686.34,نعم,نشط,نشط,0504485905
1233,موسسة نجوم العالمية للتجارة,214105.45,نعم,نشط,نشط,0557559417
2111,شركة الدولى الحديث للأجهزة المنزلية,213340.85,نعم,نشط,نشط,0567392903
1672,شركة بور تك للتجارة,213181.05,نعم,نشط,نشط,0563324494
2129,شركة بلادي المتميزة التجارية,203434.66,نعم,نشط,نشط,0508889843 / 0507154915
1701,مؤسسة وفاء علي ناصر حكمي,201322.06,نعم,موقوف,نشط,0537225671 / 05
1615,مؤسسة البداية الذكية للتجارة,197665.97,نعم,نشط,نشط,0536799599
1245,مؤسسة جبال القمة للتجارة ركن الشتاء  والصيف,195848.64,نعم,نشط,نشط,0503049605
1408,مؤسسة النجم الساطع للاجهزة الالكترونية,194680.71,نعم,نشط,نشط,
1042,شركة ديار الفارس,187667.33,نعم,نشط,نشط,0533955809
1353,مؤسسة محمد علي علي ال رجب التجارية,184534.71,نعم,نشط,نشط,0505723702
1181,مؤسسة صندوق التقنية,183183.04,نعم,نشط,نشط,0550739454
2071,مؤسسة احمد هادي محمد كريري للأجهزة الإلكترونية,183120.36,نعم,نشط,نشط,0530315789 / 0542279319
2139,شركة جبال الاندلس للتجارة,181823.89,نعم,نشط,نشط,0557997959
1670,محل افاق اثتين للاجهزة المنزلية,179673.89,نعم,نشط,نشط,0506981056
1244,مؤسسة بيت الالكترونيات للتجارة,178001.35,نعم,نشط,نشط,0505113709
1676,جميل محمد القرعاني /الساحل /البدغ,177422.99,نعم,نشط,نشط,
2127,مؤسسة غصاب بن فهد الدوسري التجارية,172571.39,نعم,نشط,نشط,0547489738
1792,شركة اعمال حسام للاشتثمار,171307.44,نعم,نشط,نشط,0594850419 / 0565490951
2054,مؤسسة نجمة ليالي للأجهزة الألكترونية,165892.90,نعم,نشط,نشط,0509520340
1608,شركة الماسة مول للاواني المنزلية,165429.05,نعم,نشط,نشط,0553696263
1724,شركة المصيف البارد للتجارة,165006.72,نعم,موقوف,نشط,0537860300
2031,شركة موجة العربية المركزية التجارية شركة ذات المسؤولية محدودة,155067.70,نعم,نشط,نشط,0531417370 / 0567579565
1123,مؤسسة سهم الضواء التجارية - تبوك,150301.65,نعم,نشط,نشط,0552378991
1105,مؤسسة بوابة التسويق,149704.60,نعم,نشط,نشط,0562567001
1074,مؤسسة خالد عبدالعزيز الدغيم التجارية-الرس1,149558.25,نعم,نشط,نشط,0557185328
1691,مؤسسة رغد التمييز للتجارة سوق العرب,147049.92,نعم,نشط,نشط,0544063009
1149,شركة الذكاء الازرق  للأجهزة -المدينه,146097.60,نعم,موقوف,نشط,0555301560
1315,شركة المدينة هايبر للتجارة,145151.33,نعم,نشط,نشط,0550661491
2108,شركة كيان الشبكة التجاري,142932.87,نعم,نشط,نشط,0558870300 / 0599572122
2157,شركة سما شمس  المحدودة,141803.38,نعم,نشط,نشط,0551027602
2219,شركة الصفوة بلس للاجهزة الإلكترونية,139991.20,نعم,نشط,نشط,0555594403
1202,موسسة البيت المخفض,138028.25,نعم,موقوف,نشط,0553661633
1985,مؤسسة رتب بيتك للأجهزة الإكترونية,137217.70,نعم,نشط,نشط,0556289970 / 0510636090
1911,مؤسسة ضاوي سالم وليد المهري للتجارة,136182.34,نعم,نشط,نشط,0538715187
1085,مؤسسة برجس مرزوق العتيبي للمقاولات,135885.20,نعم,نشط,نشط,0506247353
1751,مؤسسة الاتقان الحديث التجارية,133897.25,نعم,نشط,نشط,0559439856
1355,شركة سلام المطور التجارية شركة شخص واحد,130751.78,نعم,موقوف,نشط,0542278884
1118,مؤسسة ركن الاجهزة الكهربائية -سكاكا,130612.62,نعم,موقوف,نشط,0505391256
1313,مؤسسة زهره ربيع الحياه للتجاره -1,125473.73,نعم,نشط,نشط,0538339030 / 0534005398
1039,مؤسسة الشاطيء للتجاره,123961.39,نعم,نشط,نشط,0538027880
1721,مؤسسة فيرا المتحدة للتجارة,121913.95,نعم,نشط,نشط,+966566375383 / 0536422810
1640,شركة فنون راحتي للشقق المخدومة,119861.46,نعم,نشط,نشط,0501584177 / 0566773794
1825,شركة أسواق ايفور التجارية,119261.11,نعم,نشط,نشط,0547411652 / 0559215455
1169,مؤسسة محمد بلال للتجارة,118753.69,نعم,نشط,نشط,0543033505
1421,محمود سوري موزع,118031.90,نعم,نشط,نشط,
1661,مؤسسة حسن علي محمد ال مريع للمقاولات,117765.70,نعم,نشط,نشط,0558195980
1547,شركة توريدات السماحة للتجارة شركة شخص واحد,117612.15,نعم,نشط,نشط,0504425836 / 0536635042
1519,شركة الريادة المنزلية للتجارة,116006.90,نعم,موقوف,نشط,0507432392
1921,شركة حياة الشباب للتجارة,111468.25,نعم,نشط,نشط,0555871922 / 0555194033
1923,مؤسسة شمس تبوك للاجهزة الالكترونية,111064.00,نعم,نشط,نشط,0551159274
2159,اسواق توب اب فاميلي المركزية,109704.11,نعم,نشط,نشط,0504591647
2030,شركة البرق المضى التجارية,108561.60,نعم,نشط,نشط,0507376400 / 0540411115
1901,شركة النجم الساطع للاجهزة الالكترونية,108421.98,نعم,نشط,نشط,0598804805
2044,مؤسسة مشروع السرعة التجارية,105419.09,نعم,نشط,نشط,0598634104
2103,مؤسسة محمد عمر سعيد بافيل التجارية,104183.10,نعم,نشط,نشط,0505704715
1046,مؤسسة عصرية للادهزة الالكترونية,101541.14,نعم,نشط,نشط,0534285753
1031,مؤسسة ماجد بن عمر احمد باجابر,100771.10,نعم,موقوف,موقوف,0562888823
1545,مؤسسة دار  ريحانة للتجارة,100497.56,نعم,نشط,نشط,0530839028
1970,شركة افاق كيوتيك للتجارة العامة,100147.51,نعم,نشط,نشط,011
1931,شركة الجهاز العصري التجارية,99505.45,نعم,نشط,نشط,0508039834 / 0598944456
1745,مؤسسة الشامل المتميز التجارية,98703.15,نعم,نشط,نشط,0508337176
1067,مؤسسة علي احمد جابر ال مرحان التجارية,98155.37,نعم,موقوف,موقوف,0532035301
1972,شركة مخازن المملكة العالمية التجارية,97947.25,نعم,نشط,نشط,0534475103 / 0506956866
1717,مؤسسة ابراهيم عبده فلقي,96339.90,نعم,نشط,نشط,0505762426
1356,digital  najran,96303.49,نعم,نشط,نشط,0554656208
1774,شركة السعر المثالي للتجارة,95110.66,نعم,نشط,نشط,0598450428
1334,مؤسسة شمس النسيم,94983.96,نعم,نشط,نشط,0546214538
1988,محل الجزيرة دارك التجارية,94080.11,نعم,نشط,نشط,0501837770
1270,موسسه فرحان الشمري0550912890,92112.15,نعم,نشط,نشط,0550912890
1185,مؤسسة ركن ميلاف للتجارة,91712.48,نعم,موقوف,نشط,0561212098
1314,مؤسسة صدى الامتياز للتجارة,90149.25,نعم,نشط,نشط,0507900519
1962,مؤسسة يحي عبده بن فرج مبروك التجارية,89890.30,نعم,نشط,نشط,0538063009
1304,مؤسسة عالم التكيف للتجارة,89661.57,نعم,نشط,نشط,0505947854
1955,شركة هاف مليون المحدودة شخص واحد,87800.40,نعم,نشط,نشط,0544447284
2075,شركة اساس المجد النجارية,87329.29,نعم,نشط,نشط,0532277935
1656,مؤسسة مساعد علي الحارثي التجارية,86173.15,نعم,موقوف,نشط,0509786391
1199,شركة روية الجوهري للتكيف والتبريد,85799.65,نعم,نشط,نشط,0530828078
1305,مؤسسة لمسات السفر للتجارة,85374.96,نعم,نشط,نشط,0557071516
1982,فضه محمد عليان البلوي,83118.70,نعم,نشط,نشط,0500210250
1095,مؤسسة لك الاختيار للتجارة,82114.96,نعم,موقوف,نشط,0593965644
1122,موسسة نواف حمود البلوي للتجارة,80977.14,نعم,نشط,نشط,0563135194
1815,شركة كايا الاولى للتجارة,80831.40,نعم,نشط,نشط,0507070929
1311,مؤسسة عبد الله حمدان سعيد الدوسري (sony nasam ),79955.93,نعم,نشط,نشط,0530342480
1903,محل سلة عبدالله مرعي الوادعي,79320.37,نعم,نشط,نشط,0509637105
1409,مؤسسة منازل المستقبل للاجهزة,79113.37,نعم,موقوف,نشط,
2304,شركة الاضواء الحديثة المتكاملة,77627.80,نعم,نشط,نشط,0547624306
1250,مؤسسة علي احمد السلطان,77557.75,نعم,موقوف,نشط,0502912311
1358,موسسة الهلباء التجارية,76615.17,نعم,نشط,نشط,0533088316
1843,شركة اضواء الغربية العالمية التجارية,76388.26,نعم,نشط,نشط,0500039886
1044,مؤسسة زملة عبدالله مبارك التجارية,75786.37,نعم,موقوف,نشط,0502539630
1203,شركة ركا للتجارة,75617.39,نعم,نشط,نشط,0540093836
2140,مؤسسة تقنية الاسد لتجارة الجملة والتجزئة,75583.90,نعم,نشط,نشط,0559292250
1325,مؤسسة فهد علي حمد الحربي فرع 1,74771.64,نعم,نشط,نشط,0502224652
1369,محل استار للأجهزة الإلكترونية,72866.29,نعم,نشط,نشط,0530462082
1925,شركة البركة الرائدة للأجهزة المنزلية,72676.00,نعم,نشط,نشط,0506012659
1320,مؤسسة نبض النسيج,71509.03,نعم,نشط,نشط,0501293973
2105,شركة افاق رابية,69273.61,نعم,نشط,نشط,0542155427
1028,مؤسسة المحيط للأجهزة الالكترونية,69073.76,نعم,نشط,نشط,0561111389
1933,مؤسسة الهيبة الكاملة التجارية,68047.29,نعم,نشط,نشط,0566295842
1614,مؤسسة حبسة سلمان للتجارة,67581.17,نعم,موقوف,نشط,0554846443
1810,مؤسسة ملتقى بلص للتجارة,66912.68,نعم,نشط,نشط,0554878068
1285,مؤسسة دنيا الشرقية التجارية,66642.18,نعم,نشط,نشط,0555970471
1820,مؤسسة الرواد المميز للاجهزة المنزلية,65437.82,نعم,نشط,نشط,0544133325
1932,مؤسسة فواز عوض الحربي للتجارة,64775.00,نعم,نشط,نشط,0550585185
1129,مؤسسة اقبال الاحمدي -الميدنة,63728.80,نعم,نشط,نشط,0503335618
1556,شركة الثلج الابيض لاعمال التكييف,62362.41,نعم,نشط,نشط,0567664366
1228,موسسة سماء القمة للتجارة,62008.55,نعم,نشط,نشط,0508596077 / 0550545455
1832,مؤسسة سهاري الدهاليز التجارية,61525.55,نعم,نشط,نشط,0554367855 / 0554095728
2211,شركة ريم كول,60933.51,نعم,نشط,نشط,0537395327
1219,مؤسسة علي بن محمد بن حسين الغانم,60738.12,نعم,نشط,نشط,0566141570 / 0547653300
2142,شركة ركن المحيط التجارية,59998.20,نعم,نشط,نشط,0508847131
1598,شركة روائع الصيف والخريف للتجارة,58540.79,نعم,موقوف,نشط,0500732403
1354,محل معاذ مقبل بن ماطر المطيرى للأجهزة المنزلية,58214.52,نعم,نشط,نشط,0551151046
1883,مؤسسة البيت المثالي للاجهزة المنزلية,57813.26,نعم,نشط,نشط,0502224830
2113,مؤسسة الوسيم الجديد للتبريد والتكيف,57481.85,نعم,نشط,نشط,0566060071 / 0555556653
2072,مؤسسة السلام الافضل لتجارة الجملة والتجزئة,56912.45,نعم,نشط,نشط,0554332177
1542,مؤسسة النطاق الحر للتجارة,56778.40,نعم,موقوف,نشط,0550264423
1303,محل  عالم الجزيرة  للأجهزة الإلكترونية,54961.82,نعم,نشط,نشط,0508114597
1326,مؤسسة شبكة التميز للمقاولات,54099.24,نعم,نشط,نشط,0536002540 / 0561140704
2098,مؤسسة الصقر تمكين للاجهزة المنزلية,53844.20,نعم,نشط,نشط,0568168254
1037,مؤسسة الشامل مميز التجارية,53502.35,نعم,نشط,نشط,0508483342
1374,مؤسسة الوان الفيصل التجارية,53400.18,نعم,نشط,نشط,0509990899 / 0541957202
2158,شركة الربيع والشتاء للتجارة,53089.85,نعم,نشط,نشط,0569135712
1645,مؤسسة مرسال للاتصالات,52545.92,نعم,موقوف,نشط,0569811127
1010,مركز ابراهيم علي همدان,52487.50,نعم,موقوف,موقوف,0567392903
1159,شركة الاندلس للمعادن - المدينة,51240.86,نعم,موقوف,نشط,0590430009
1960,شركة عالم الاربعين للتجارة,50000.00,نعم,نشط,نشط,0555007715
1553,شركة دار التيار للتجارة,49817.64,نعم,نشط,نشط,0538035804
1234,موسسة بيتك الانيق للتجارة,49812.06,نعم,نشط,نشط,0538750605
1694,شركة المنطقة الكهربائية للاجهزة الالكترونية فرع المدينة,49518.50,نعم,موقوف,نشط,0537755610
2117,شركة نور سمارت,49480.63,نعم,نشط,نشط,0504994587
2173,شركة العين المعمورة التجارية,48662.98,نعم,نشط,نشط,0502572530
2020,مؤسسة ثمار الإنجاز للتكيف والتبريد,48541.08,نعم,نشط,نشط,0500072828 / 0598483631
1616,محمد عوض بن دحيان,48519.00,نعم,نشط,نشط,
1352,شركة كنز العالمية المحدوده,48342.89,نعم,نشط,نشط,0556963707
2334,مؤسسة تيكنو وينتر,47700.70,نعم,نشط,نشط,0505707424
1764,شركة امل الخليج للاجهزة المنزلية,47629.85,نعم,نشط,نشط,0505568415 / 0553786674
1945,مؤسسة جبال التل للتجارة,47304.64,نعم,نشط,نشط,0503129711
2004,مؤسسة عبدالسلام محمد خميس ال خميس التجارية,46820.69,نعم,نشط,نشط,0501953579 / 0503709054
2181,مؤسسة فولت للاجهزة المنزلية1,46771.50,نعم,نشط,نشط,0503331682
2033,مؤسسة هوم شرهان التجارية,46525.05,نعم,نشط,نشط,0531673485
2250,شركة إيدورا,46500.05,نعم,نشط,نشط,0564968768
1260,تركي عبدالله الجديد0559025879,46106.17,نعم,موقوف,نشط,0559025879
2150,شركة الاجهزة والتجهيزات للتجارة,46052.25,نعم,نشط,نشط,0559559507
1952,شركة سلة الجمش للتجارة,45946.20,نعم,نشط,نشط,0508999555
1984,مؤسسة جوهرة بيتك التجارية,45345.24,نعم,نشط,نشط,056990600
1386,مؤسسة البيت العالمي,44934.85,نعم,موقوف,نشط,0566500722
1471,مؤسسة امجاد الاندلس للاجهزة المنزلية,44595.39,نعم,نشط,نشط,0567065975 / 0505478759
1277,محل بيت الحديثة للأجهزة المنزلية,44120.50,نعم,نشط,نشط,0559394038 / 0509081651
1077,احمد صالح المحاسن,43635.48,نعم,موقوف,نشط,0555122063
1683,مؤسسة موج البحر للأجهزة الالكترونية,43451.84,نعم,نشط,نشط,0532365695
2086,مؤسسة ضياء الوطن للأجهزة المنزلية,42937.53,نعم,نشط,نشط,0557779786 / 0594347945
1349,مؤسسة ابراهيم صالح عبدالله ال رجب التجارية,42459.54,نعم,نشط,نشط,0505740899
1368,مؤسسة محل الجزيرة الحديث للأجهزة المنزلية,41847.90,نعم,موقوف,نشط,0559014634
1880,مؤسسة نهار غالي القرشي للتجارة,41567.51,نعم,نشط,نشط,0553410078
1451,شركة سلسبيل النسيم للتجارة,41369.13,نعم,نشط,نشط,966568757568 / 0568757568
1088,مؤسسة نقطة الضوء للتجارة,40406.88,نعم,موقوف,نشط,0508030328
2196,مؤسسة سعد محمد عويضه القحطاني التجارية,40199.30,نعم,موقوف,نشط,0555960078
1758,مؤسسة فهد علي سليمان السبيعي للتجارة,39947.45,نعم,نشط,نشط,0533559927
2087,مؤسسة الباز الابيض للاجهزة المنزلية,39587.75,نعم,نشط,نشط,0599908828 / 0563758792
1166,شركة الجزيرة الماسي للتجارة,39323.70,نعم,نشط,نشط,0500880901
1912,مؤسسة محمد حماد حمدان الثمالي للاجهزة المنزلية,39232.99,نعم,نشط,نشط,0554608400 / 0506459110
1096,محل جوزاء صغير الحربي للاجهزة الالكترونية,38733.85,نعم,نشط,نشط,0507866291
1739,مؤسسة امواج الاندلس للتجارة,38398.49,نعم,نشط,نشط,0541497112
1276,محل ركن الخيالة للأجهزة الإلكترونية,38356.86,نعم,نشط,نشط,0507679349 / 0555205990
1281,مؤسسة عبدالله صالح العتيبي للمقاولات  alothaibi,38294.70,نعم,نشط,نشط,0552668418
1761,شركة رائد التخفيضات,37921.95,نعم,نشط,نشط,0534002223
1372,مؤسسة فوزية الدليم التجارية -  رفحا - دبي للاكترونيات,37905.16,نعم,نشط,نشط,0550586072
1190,مؤسسة صفوة الاجهزة الاجهزة للتجارة,36601.84,نعم,نشط,نشط,0555188907
1746,مؤسسة لقمان صالح حامد العمري للاجهزة الالكترونية,36369.86,نعم,موقوف,نشط,05
1848,مؤسسة منبع التكييف ااتجارة1,36343.47,نعم,نشط,نشط,0536635042
1813,مؤسسة الرواد الحديثة للاجهزة المنزلية,36260.69,نعم,نشط,نشط,0500722193 / 0500733193
1237,مؤسسة حمود يحي احمدبشيري للتجارة,36145.60,نعم,موقوف,نشط,0535505105
2154,مؤسسة التقدم والانجاز للتجارة,35992.38,نعم,نشط,نشط,0555963170 / 0555963173
1754,مؤسسة فجر الخميس التجارية,35942.04,نعم,نشط,نشط,0542469390
1312,مجموعة اعمار الخليج الدولية للمقاولات,35733.15,نعم,نشط,نشط,0565410525
1230,شركة عبد العزيز حسن الشثري للاجهزه المنزليه والتكييف,35565.95,نعم,نشط,نشط,0598127100
1273,محل نادية عمر العقيدي لاكترونيات,35499.52,نعم,نشط,نشط,0500326463
2131,مؤسسة عبدالرحيم قبل صنيدح العتيبي للأجهزة الإلكترونية,35412.60,نعم,نشط,نشط,0501918300
1204,مؤسسة صوت نجد للتجارة,35343.30,نعم,موقوف,نشط,0503166259
1757,مؤسسة جنا الحزم للتجارة عميل الحوبة,35004.93,نعم,نشط,نشط,0555410781 / 0555410791
1887,شركة الاجهزة المطورة التجارية,34842.39,نعم,نشط,نشط,0501200980
2089,شركة الافق الذهبية للاجهزة المنزلية,34388.50,نعم,نشط,نشط,0583730466 / 0569221657
2060,مؤسسة روابي البتراء,34337.75,نعم,موقوف,نشط,0569418979
2204,شركة عالم المستقبل الشامل للاجهزة الإلكترونية,34066.15,نعم,نشط,نشط,0543083304
1802,مؤسسة معاذ يحيى احمد بشيري,33846.18,نعم,نشط,نشط,0530394334
1997,شركة عمر زايد المحطب وعبدالمحسن زايد المحطب التجارية,33762.85,نعم,نشط,نشط,0560777475
1770,مؤسسة نهار العمار اللمقاولات,33693.00,نعم,موقوف,نشط,
1363,alshams raffah رفاه الشمس,33077.07,نعم,نشط,نشط,0501155823
1986,مؤسسة الاتحاد ثري التجارية,32977.00,نعم,نشط,نشط,0509929032
1777,مؤسسة عاصمة الاجهزة للتجارة,32894.80,نعم,نشط,نشط,0597073050 / 0551671007
1278,subi مؤسسة صالحة الهلالي- سوبي,32846.47,نعم,نشط,نشط,0507708538
1016,شركة سلاطين الاجهزة التجارية,32836.70,نعم,نشط,نشط,0548712820
1070,مؤسسة تركي حسن يوسف عسيري التجارية,32822.76,نعم,نشط,نشط, 0506098729 / 0506098729
2058,مؤسسة دار سلتي للتجارة,32760.30,نعم,موقوف,نشط,0507570647
1507,شركة انماء امن للتجارة,32569.00,نعم,نشط,نشط,0540630143
2003,مؤسسة مريم سعيد احمد العبدليه,32158.45,نعم,نشط,نشط,0532359791
2180,مؤسسة عبدالرحمن بن زيد محمد التميمي,31853.60,نعم,نشط,نشط,0538207695
1385,عبدالرحمن KMC,31804.40,نعم,نشط,نشط,
1375,manal  hafar   منال,31729.32,نعم,نشط,نشط,0551267843
1885,شركة دقة الأنوار التجارية,31609.40,نعم,نشط,نشط,0565743944 / 0555566186
1561,مؤسسة الاوصاف للأجهزة الالكترونية,31607.97,نعم,موقوف,نشط,0536416918
1224,مؤسسة فلاح عبدالله بن محمد القحطاني التجارية,31588.97,نعم,نشط,نشط,0562092275
2220,شركة حار بارد التجاربة,31572.21,نعم,نشط,نشط,0506255599
1944,شركة ضركام الدولية للتجارة شركة شخص واحد,30532.15,نعم,نشط,نشط,0563409001 / 0125488854
1753,مؤسسة الهواء الوطني للمقاولات,30297.42,نعم,نشط,نشط,0575521609
1266,يحي kmc الدمام0555438905,30283.00,نعم,موقوف,نشط,
2077,شركة الاصيل للاجهزة المنزلية,30081.90,نعم,نشط,نشط,0502790883
2051,شركة المدينة هايبرد للتجارة ( فرع طويق ),29926.93,نعم,نشط,نشط,0550661491 / 0500194678
2038,مؤسسة ابراهيم محمد الصروي الزبيدي للتجارة,29835.72,نعم,نشط,نشط,0502342972 / 0500301080
2056,مؤسسة متخصصو الريادة التجارية,29797.46,نعم,نشط,نشط,0565553330 / 0559469203
1065,مؤسسة سعد مسفر القحطاني التجارية,29751.50,نعم,نشط,نشط,0566708989
1671,شركة بلادي المتميزة التجارية,29717.21,نعم,نشط,نشط,0507154915 / 0508889843
2156,شركة كنز الشتاء للمفارش,29665.83,نعم,نشط,نشط,0537484604
1870,شركة نجمة النرجس للاجهزة المنزلية,29587.76,نعم,نشط,نشط,0582572269
2126,شركة مخازن المملكة العالمية التجارية فرع حفر الباطن,29470.90,نعم,نشط,نشط,0506956866
1823,مؤسسة رواد العصر الذهبي للاجهزة المنزلية,29180.35,نعم,نشط,نشط,0504608946
2065,شركة كنوز العالمية المحدودة - مركز المدينة,29110.41,نعم,نشط,نشط,0559024426
2023,مؤسسة طيف السماحة للتجارة,29035.90,نعم,نشط,نشط,0504272022
1271,مؤسسة بيت الخرج للأجهزة المنزلية,29023.56,نعم,نشط,نشط,0593333328
2205,مؤسسة غالية علي عبدالله الزهراني للأجهزة الإلكترونية,28853.00,نعم,نشط,نشط,0509242270
2062,مؤسسة عالم الفهد التجارية لصاحبها فهد صالح الحربي,28523.94,نعم,نشط,نشط,0555326494
1215,موسسة سارة الشهري للتجاره,28308.90,نعم,موقوف,موقوف,0555406040
2092,شركة الميعاد الذهبي للأجهزة المنزلية - شركة شخص واحد,28267.19,نعم,موقوف,نشط,0556525721
1297,مركز كمبيوتر arkaz computer,28131.96,نعم,نشط,نشط,0533601367
1026,شركة ماجد الذهبية التجارية,28001.85,نعم,نشط,نشط,0555677233 / 0555666215
2147,شركة مخازن المملكة العالمية التجارية فرع طويق,27810.10,نعم,نشط,نشط,0506956866 / 0534475103
1296,شركة كنز العالمية المحدوده-الخرمة,27710.89,نعم,نشط,نشط,0533724680 / 0507178656
1755,مؤسسة الجهاز الذهبي للاجهزة المنزلية,27630.32,نعم,نشط,نشط,0591418225
1514,مؤسسة نجوم للتجارة,27504.71,نعم,موقوف,نشط,0532141464
1902,مؤسسة حدود المدينة التجارية,27449.90,نعم,نشط,نشط,0596665696
2090,شركة الافضل الحديث للتجارة,27328.25,نعم,موقوف,نشط,0566649992
1141,مؤسسة مروج الفهد للاجهزة المنزلية,27203.00,نعم,نشط,نشط,0502147890
1597,مؤسسة يعقوب علي خضير التجارية,26868.75,نعم,نشط,نشط,0506344483
2195,شركة رؤية المكاتب للتجارة,26625.95,نعم,نشط,نشط,0590779766
1249,شركة ساحل اريج0593179159,26373.00,نعم,موقوف,نشط,
1008,شركة محمد شحات محمد ابولبن التجارية,26134.55,نعم,نشط,نشط,0509696502 / 0509687678
1151,مؤسسة روز شبكة العالم,25906.77,نعم,نشط,نشط,0541046650 / 0574040375
1877,محل عالية للاجهزة المنزلية,25305.00,نعم,نشط,نشط,0541705577
1055,مؤسسة حاتم عبدالرحمن عبدالله عسيري التجارية,24994.50,نعم,نشط,نشط,0501793796
1557,شركة سما الخير للتجارة - الرئيسي,24897.49,نعم,نشط,نشط,0506298107
2137,شركة العثمان التجارية,24870.15,نعم,نشط,نشط,0582028222
1858,مؤسسة وان للتجارة,24835.40,نعم,نشط,نشط,0551321272
2050,مؤسسة مشهور عائد ظاهر البلوي,24830.19,نعم,نشط,نشط,0509520157 / 0500210205
1460,مؤسسة نسمات التكيف للتجارة,24681.45,نعم,موقوف,نشط,0509326693
2341,مؤسسة تقنية البرودة التجارية,24496.70,نعم,نشط,نشط,0532983944
1125,مؤسسة غزيل الشراري - روان طبرجل,24409.43,نعم,موقوف,نشط,0542305978
1913,مؤسسة اركان الفصول للتجارة,24313.00,نعم,نشط,نشط,0555473659
2199,شركة المستقبل المتكامل للتجارة,23997.31,نعم,نشط,نشط,0500626051
1539,مؤسسة قمة الهدف للأجهزة المنزلية,23844.35,نعم,نشط,نشط,0577833694
2316,شركة لين ستار المحدودة,23823.77,نعم,نشط,نشط,0552333581
2269,شركة المتمكن للتجارة,23678.75,نعم,نشط,نشط,0548313425
1915,مؤسسة ابداع الرواد للاجهزه المنزلية,23581.77,نعم,موقوف,نشط,0508634566 / 0127330188
1699,مؤسسة المنزل المخفض التجارية,23195.00,نعم,نشط,نشط,0503129711
2363,محمد بن مبخوت بن جربوع الصيعري,23057.00,نعم,نشط,نشط,0502385234
1227,مؤسسة هيام عايد البيشي,22729.13,نعم,نشط,نشط,0558538024
1627,شركة الهيثم الشامل للتجارة,22621.80,نعم,نشط,نشط,0502523816
1423,شركة مجد الاوائل للتجارة,22529.60,نعم,نشط,نشط,0558857807
1989,مؤسسة عصر التكييف للأجهزة المنزلية,22329.15,نعم,نشط,نشط,0593030644
1892,مؤسسة تواصل الأمداد للأجهزة الالكترونية,22150.25,نعم,موقوف,نشط,
1284,مؤسسة سما الأقمار التجارية,21577.06,نعم,نشط,نشط,0572375221 / 0505707736
1156,شركة السحاب العالية للتجارة (بن صالح ),21506.92,نعم,نشط,نشط,0507375125
1580,مؤسسة تميز البدر للتجارة,21321.53,نعم,نشط,نشط,0500315038 / 0115466184
2171,مؤسسة برودة للتجارة,21250.20,نعم,نشط,نشط,0550123950
1338,مؤسسة فهد علي حمد الحربي للتجاره - فرع 2,21229.25,نعم,نشط,نشط,0533612018
2041,محل علي وان للأجهزة المنزلية,20817.45,نعم,نشط,نشط,0590829999
1740,مؤسسة العرض الافضل للتجارة,20616.27,نعم,موقوف,نشط,0531966607
2119,شركة درب الخبراء,20591.23,نعم,نشط,نشط,0551552123
2146,مؤسسة ربيع المتحدون للتجارة,20565.40,نعم,نشط,نشط,0557716893
1467,موسسه محمد صالح ابراهيم الشايع للتجاره,20418.76,نعم,نشط,نشط,0505255133
1635,شركة دارين  ينبع للمقاولات والتجارة,20370.00,نعم,موقوف,نشط,0555554994
2216,مؤسسة الجيل الحديث للاجهزة المنزلية,20354.40,نعم,موقوف,نشط,0504608946
1308,محل العالم العبقري التجارية,19989.49,نعم,نشط,نشط,0509221250
2161,شركة ايلاف المتطورة التجارية,19899.05,نعم,نشط,نشط,0503708860
2188,ابن رابعه - مبروك عوض مرسل ال عبدالله عون الصيعري,19860.00,نعم,نشط,نشط,0550157216 / 0554564699
1272,محل شبكة المجد الحوطه0508475340,19837.70,نعم,نشط,نشط,
2014,مؤسسة اجواء الشتاء والصيف للاجهزة المنزلية,19774.80,نعم,نشط,نشط,0509580867 / 0556934857
1908,مؤسسة سعد ماشع مشعان المطيري للتجارة,19736.31,نعم,نشط,نشط,0500435432
1847,شركة فلكسي السعودية للتجارة,19720.58,نعم,نشط,نشط,0530160603 / 0503244066
1851,مؤسسة نبع النسيم للاجهزة المنزلية فرع الخليج 2,19113.58,نعم,نشط,نشط,0532740183
2063,مؤسسة الشاشة الذكية,19097.01,نعم,موقوف,نشط,0534546755
1904,مؤسسة المنزل الحديث للاجهزة المنزلية,19094.00,نعم,نشط,نشط,0549320366
1819,شركة السفير الريادي التجارية,18974.01,نعم,نشط,نشط,0568571724 / 0500018279
2076,شركة رواد التكييف,18963.60,نعم,نشط,نشط,0554332404
1091,مؤسسة النخبة للاجهزة المنزلية,18840.37,نعم,موقوف,نشط,0550714000
1516,شركة بحر الجليد للاجهزة المنزلية,18749.10,نعم,موقوف,نشط,0560070018
2138,شركة نفوذ المجال  التجارية,18714.00,نعم,نشط,نشط,0532760503
1279,معرض التوفيق للأجهزة الإلكترونية,18712.82,نعم,نشط,نشط,0502230870
1195,شركة سيوف العوالي المحدوة -ismart,18663.57,نعم,موقوف,نشط,0549099055
1064,المجد ابهاء 0507498914,18491.48,نعم,نشط,نشط,0507498914
1364,maqbool  hafar    مكبول,18429.42,نعم,نشط,نشط,0557488544
2083,شركة كفاءة العربية للاجهزة الالكترونية,18411.05,نعم,موقوف,نشط,0558468870 / 0566656597
1292,مؤسسة يحي عامر محمد القداح التجارية,18224.59,نعم,نشط,نشط,0504444107
1002,الشركة العالمية لإمداد الاسواق المركزية,18054.75,نعم,نشط,نشط,05071570250 / 0557843797
1194,مؤسسة ماسا المتحدة للاجهزةالالكترونية,17961.13,نعم,موقوف,نشط,0560607023
1062,محل الناصر طريق المدينة 050986643,17756.44,نعم,نشط,نشط,059886642
1744,مؤسسة جديد العاصمة للتجارة,17520.71,نعم,نشط,نشط,0504494010
2042,النظام الذهبي للتجارة,17398.73,نعم,نشط,نشط,0502566827
1664,مؤسسة روعة المناخ للتجارة,17273.52,نعم,نشط,نشط,0539445382
2096,مؤسسة عصر التمكين للأجهزة الإكترونية,17216.50,نعم,موقوف,نشط,0507252465 / 0505642407
1866,مؤسسة سمو الفجر للأجهزة المنزلية,17204.87,نعم,نشط,نشط,0563176863
1357,bilal  raffah      (بلال  رفح ),17155.43,نعم,نشط,نشط,0502225796
1702,مؤسسة عاصمة الرواد التجارية,16922.26,نعم,موقوف,نشط,010172074
2053,مؤسسة اناقة سكني للتجارة,16886.60,نعم,نشط,نشط,0541454735
2002,شركة الكيان الافضل للتجارة,16795.30,نعم,نشط,نشط,0562714099
2203,مؤسسسة بيت الاستبدال للاجهزة المنزلية,16453.50,نعم,نشط,نشط,0508019931
1251,موسسه ابراهيم القميشي0537797221,16267.20,نعم,موقوف,نشط,
1459,مؤسسة عبد الله حمدي عبد الله ال حلبوب,16243.88,نعم,نشط,نشط,0547966221
1101,بسمة التميز عميل الحوبة,16082.57,نعم,نشط,نشط,0541868921 / 0505563123
2123,شركة مخازن المملكة العالمية التجارية فرع الخليج,16080.50,نعم,نشط,نشط,0506956866
1241,مؤسسة واد الجليد للتجارة,15708.15,نعم,نشط,نشط,0542134830
1193,مؤسسة انوارنجم البطين  DURMA,15705.57,نعم,نشط,نشط,0559345331
1621,مؤسسة ارتقاء الاندلس للاجهزة المنزلية,15474.40,نعم,موقوف,نشط,0566
2160,مؤسسة بحر الاجهزة الكهربائية,14897.00,نعم,نشط,نشط,0500696613
1641,مؤسسة شذا العالمية للأجهزة الإلكترونية,14830.04,نعم,نشط,نشط,053353917
2130,مؤسسة سلاسل التفرد للأجهزة المنزلية,14678.60,نعم,نشط,نشط,0530048034 / 0557371092
1939,مؤسسة الشروق الهادي,14642.56,نعم,نشط,نشط,0506712870
1225,مؤسسة سلطان الحربي,14552.65,نعم,موقوف,موقوف,0590014424
2212,شركة طرق العماد,14462.35,نعم,نشط,نشط,0563006838
1967,شركة تمارا للتمويل,14299.39,نعم,موقوف,نشط,0538063009
1335,مؤسسة رمز الروابي للتجارة,14247.13,نعم,نشط,نشط,0505460034
2185,مؤسسة البيت السعودي التجارية,14196.40,نعم,نشط,نشط,0543441234
1184,عيس حسن خلف ال خليف للالكترونيات,14170.56,نعم,موقوف,نشط,0595290025
1071,مؤسسة احمد عبده السفياني,14119.74,نعم,نشط,نشط,050000001
1950,مؤسسة جهز بيتك للتجارة,14102.24,نعم,نشط,نشط,0556280011
1791,شركة بنش مارك لتنظيم المعارض والموتمرات,13798.00,نعم,موقوف,نشط,
2104,مؤسسة خدمات الاجهزة التجارية,13768.14,نعم,نشط,نشط,
1554,مؤسسة الهدف السادس,13750.44,نعم,موقوف,نشط,0555211993
1306,مؤسسة فاطمه رفدان بن عايص القحطاني التجارية,13671.99,نعم,نشط,نشط,0500203630
1247,نسيم المدينه0594488029,13475.15,نعم,موقوف,موقوف,
2214,مؤسسة طيار احمد علي الطيار التجارية,13457.55,نعم,نشط,نشط,0530951095
1346,مؤسسة ركن المدينة للأجهزة الإلكترونية,13307.18,نعم,نشط,نشط,0533524557
1048,المدارات البلد الخميس 0568636533,13203.48,نعم,نشط,نشط,056863533
1029,مؤسسة امنه احمد خضير التجارية -فارس الاربعين,13038.70,نعم,موقوف,نشط,0503354062
1642,مؤسسة فاطمة عثمان محمد شوك التجارية,12946.29,نعم,موقوف,نشط,05555 / 0555
2256,عمر عبدالله يسلم السحيم الصيعري,12537.35,نعم,نشط,نشط,
1134,موسسة حمزه صالح الانصاري -ينبع,12087.20,نعم,نشط,نشط,0505363357
2190,محل عباقرة الجزيرة للجهزة الإلكترونية,11945.20,نعم,نشط,نشط,0551623445
1969,شركة حلول نون للتسويق الدلكتروني,11706.78,نعم,نشط,نشط,8001160210
1345,almadeena المدينة,11305.50,نعم,نشط,نشط,
1290,مؤسسة عائشة سدحان السبيعي -الجزيرة الخرمة,11297.60,نعم,موقوف,نشط,0507421025
1097,مؤسسة الذاكرة للأجهزة الإلكترونية,11173.00,نعم,نشط,نشط,0502628313
1594,مؤسسة صالح ابراهيم احمد للتجارة,11000.80,نعم,موقوف,نشط,0590130066 / 0561966963
1053,مؤسسة فايز شارع المطيري للمقاولات,10971.95,نعم,نشط,نشط,050505050
2163,شركة كيوم المحدودة شركة شخص واحد,10948.35,نعم,نشط,نشط,0531302033
1200,مؤسسة فجر العاصمة للتكييف والتبريد,10786.90,نعم,موقوف,نشط,0544183412
1850,مؤسسة منبع الاجهزة للتجارة,10751.86,نعم,نشط,نشط,0562970122
2283,مؤسسة اجهزة ريفا,10527.60,نعم,نشط,نشط,0550141004
2093,شركة هرم الاجهزة للتجارة,10455.45,نعم,موقوف,نشط,0567800322 / 0505642407
2191,شركة اوشن سفن للتجار ة,10283.30,نعم,نشط,نشط,0545555945
1371,مؤسسة سليمان عبد الله سليمان الكليوي التجارية,10266.32,نعم,نشط,نشط,0533360173
2169,ابوسلطان علي بن الطعيز,9841.00,نعم,نشط,نشط,0504790868
2296,فندق عبدالله مبروك سالم الصيعري للشقق الفندقية,9656.20,نعم,نشط,نشط,0500798001
1139,روائع الجزيرة - المدينه,9643.60,نعم,نشط,نشط,0553826274
2088,مؤسسة مدار التكيف التجارية,9600.25,نعم,موقوف,نشط,0545105251 / 0541071307
2013,مؤسسة سحاب الخير الاجهزة المنزلية,9528.40,نعم,نشط,نشط,0594610662
2245,شركة دريم سات للأجهزة الإلكترونية,9524.95,نعم,نشط,نشط,0597661595
2070,شركة جراند هايبر السعودية,9450.40,نعم,موقوف,نشط,0549200908
1714,مؤسسة درة المستشار,9423.10,نعم,موقوف,نشط,
1573,شركة البركة الوطنية للتجارة,9390.71,نعم,موقوف,نشط,0504382931
2125,مؤسسة حنان علي ابراهيم العلوي للاجهزة المنزلية,9351.15,نعم,نشط,نشط,0568263430
2094,مؤسسة فهد عبدالالة بن عبدالله المنعمى للاجهزة المنزلية,9038.90,نعم,موقوف,نشط,0540912275 / 0567382903
1577,شركة تكنوميك تكنولجي المحدودة,8907.75,نعم,نشط,نشط,0536226272
2079,مؤسسة الضمان العام للاجهزة الالكترونية,8878.65,نعم,موقوف,نشط,0569501892 / 0503782474
1020,شركة المنطقة الكهربائية للاجهزة الالكترونية,8767.50,نعم,موقوف,نشط,0537755610 / 0504669141
2069,مؤسسة ابراهيم عبدالعزيز بن ابراهيم الزايد لصيانة الالكترونيات,8634.70,نعم,نشط,نشط,0534699463
2268,شركة دره الخليج المتطورة,8585.05,نعم,نشط,نشط,0567320374
2085,شركة بيت الرواد التجارية شركة شخص واحد,8421.45,نعم,موقوف,نشط,0535836755 / 0503010623
2118,شركة تريندول دي دابليو سي,8242.60,نعم,نشط,نشط,02123310200
2091,شركة القوه الباردة للتجارة,8104.55,نعم,نشط,نشط,0509997667
1822,شركة وقت الاجهزة للتجارة,8014.89,نعم,نشط,نشط,0550144744 / 0542899046
2078,شركة جوهرة الصديق للاجهزة المنزلية,7593.05,نعم,موقوف,نشط,0530968757
1924,مؤسسة حنان عبدالعزيز اليحياء التجارية,7429.69,نعم,نشط,نشط,0580317311
1263,مؤسسة محمد ابراهيم العامر التجارية,7405.41,نعم,موقوف,نشط,05
1529,شركة تزامن للتجارة,7402.75,نعم,موقوف,موقوف,0502222688
1049,محل صالحة الخالدية 0556357504,7271.57,نعم,نشط,نشط,0556357504
1480,سلمان مبارك الصيعري,7172.50,نعم,موقوف,نشط,
1484,شركة نجد الريم للتجارة,7128.15,نعم,موقوف,نشط,0544765815 / 0556740042
1265,مؤسسة جبال عسير للتجارة,7080.40,نعم,نشط,نشط,0555452153
1289,مؤسسة جواهر ماجد مرزوق البقمي لصيانة الاكترونيات,7059.83,نعم,نشط,نشط,0538697848 / 0509217072
1099,شركة اجواء الاندلس للتجارة,7024.01,نعم,موقوف,نشط,0541060364
1958,مؤسسة سمية محمد الغامدي التجارية (بن مشرف ),6940.89,نعم,نشط,نشط,0541182004 / 0555533787
1942,مؤسسة عايشه ابراهيم محمد الاسمري للتجارة,6636.07,نعم,نشط,نشط,0537437660 / 0576335649
1457,عميل صالح كاش خميس,6626.10,نعم,نشط,نشط,0560082689
1871,مؤسسة عائشة عبدالهادي المولد التجاارية,6396.99,نعم,نشط,نشط,4032349178 / 0537595004
1628,ماي ستور للاجهزة الالكترونية,6342.20,نعم,موقوف,نشط,0535555280
1456,عميل الحلو كاش خميس,6291.91,نعم,موقوف,نشط,0546693252
1730,مؤسسة الكون ستور,6115.65,نعم,موقوف,نشط,05
1900,شركة قمة الوصول للتجارة,6027.60,نعم,نشط,نشط,0538062419
2162,مؤسسة عواض عتيق الذيابي العتيبي التجارية,5959.90,نعم,موقوف,نشط,05553373308 / 0553373308
1128,مركز مشعل,5946.00,نعم,نشط,نشط,
1288,al sama khamislbar,5901.00,نعم,نشط,نشط,0553052988
1907,مؤسسسة شمول المتحدة للتجارة,5738.20,نعم,موقوف,نشط,0552662256
1407,متجر تميم المهيدب,5698.00,نعم,موقوف,نشط,
2135,خالد سعيد بن لبرش,5622.95,نعم,نشط,نشط,0582094583
1322,مؤسسة الاختصاصات الوحيدة للتجارة,5607.94,نعم,نشط,نشط,0553445474
2252,عبدالعزيز من طرف احمد الغامدي 0546280610,5565.85,نعم,نشط,نشط,
1176,مؤسسةعبدالله الاحمدي - الانوار - المدينة,5509.38,نعم,نشط,نشط,0541705577
1416,شركة علي عبد الرحمن العمودي للتجارة,5500.50,نعم,نشط,نشط,0590412323
1498,محل احمد صالح الجهني,5364.50,نعم,موقوف,نشط,0534400169
1157,ستار للاكترونيات,5292.94,نعم,نشط,نشط,0506809352
1763,مؤسسة عبده فضل عبده العبدلي التجارية,5290.40,نعم,نشط,نشط,0505568415
2116,محل ناصر جلهم ابراهيم الدوسري للاجهزة الالكترونية,5178.66,نعم,نشط,نشط,0509051758
1678,مؤسسة منزل الاجهزة التجارية,5081.90,نعم,نشط,نشط,0558579260
2001,الشركه السعوديه للمتاجر الشامله,5027.86,نعم,نشط,نشط,0539768007
1220,مؤسسة خالد سالم المهري -المهرجان,4986.40,نعم,نشط,نشط,0590102568
1878,مؤسسة شروق للاجهزة المنزلية,4965.00,نعم,نشط,نشط,0565974409
1864,مؤسسة ساحل ابيض التجارية,4890.56,نعم,نشط,نشط,0501235786
1816,مؤسسة سحاب كيان للتجارة المزاحمية1,4710.90,نعم,موقوف,موقوف,
1975,محل نوكيا شخصي,4686.29,نعم,نشط,نشط,11111111 / 1111111111
1920,احمد المسرحي - رائد,4682.75,نعم,نشط,نشط,
1736,مؤسسة فهد بريك اللحياني للمقاولات المعمارية,4596.05,نعم,موقوف,نشط,0557285022
2136,مؤسسة خالد عبدالله بن موسي البلوي للتجار,4527.41,نعم,نشط,نشط,
2144,مؤسسة بست ون التجارة,4385.71,نعم,نشط,نشط,0593744367
2174,محل حامده تويم سعيد الثقفي للأجهزة المنزلية,4369.05,نعم,موقوف,نشط,0534497611
1135,موسسة سراب نشمي العرماني -الزعيم ينبع,4358.75,نعم,نشط,نشط,0557590848
2115,صالح بن مبروك,4334.08,نعم,نشط,نشط,
2016,شركة الجزيرة الشامل الحديثة للتجارة,4316.50,نعم,نشط,نشط,0533266152
1727,مؤسسة بلورة ثلج للاجهزة المنزلية,4315.10,نعم,موقوف,نشط,05000 / 0500
1191,عرفات الكترونيات,4300.64,نعم,نشط,نشط,0556564977
1341,مؤسسة ثلوج العاصمة للتجارة,4103.04,نعم,موقوف,نشط,0542258207 / 05
2134,مؤسسة ثي إكس بي,4047.98,نعم,نشط,نشط,0582094583
1613,مؤسسة روضة الخيالة للمقاولات,4019.93,نعم,موقوف,نشط,0505254574
1450,محل شارقة شرورة لبيع الاجهزة الالكترونية,3960.40,نعم,نشط,نشط,0508306019
1881,مؤسسة بحر المبدع التجارية,3840.25,نعم,نشط,نشط,0542030957 / 0502009094
1708,مؤسسة فولت للاجهزة المنزلية,3796.05,نعم,موقوف,نشط,
2223,عمر محمد بن سعدان,3356.85,نعم,نشط,نشط,
1589,شركة الضوء البارق للتجارة,3326.86,نعم,نشط,نشط,0504101600
1331,شركة الامان الذهبي للتجارة,3300.01,نعم,نشط,نشط,0500426083
2170,مؤسسة فيصل زكريا التركي,3268.30,نعم,موقوف,نشط,0551100050
1715,سمير يوسف,3263.70,نعم,نشط,نشط,
1415,محمد الشافعي خاص وليس تبع الشركة,3237.25,نعم,نشط,نشط,
1461,مؤسسة تميز البدر للتجارة,3016.55,نعم,موقوف,نشط,0564992930
1389,فارس الغامدي بنك الراجحي العزيزية,2956.80,نعم,نشط,نشط,
1500,شركة تقنية الألفية للتجارة شركة شخص واحد,2952.88,نعم,نشط,نشط,0583707002
1733,شركة الفرن الذهبي للتجارة,2909.50,نعم,نشط,نشط,0500838827
1382,المحاسب  القانوني,2892.25,نعم,نشط,نشط,
2227,مؤسسة مطراء شداد هذيمر الحربي للمقاولات,2889.55,نعم,نشط,نشط,0501735343
1162,مؤسسة بيان الصايغ - المها- المدينة,2851.70,نعم,نشط,نشط,0576619192
1401,محمود حلبوب,2635.60,نعم,نشط,نشط,
1897,مؤسسة اجهزة اوزون التجارية,2604.50,نعم,موقوف,نشط,0569411879
1057,مؤسسة نجم الخميس,2512.89,نعم,نشط,نشط,050500500
1548,مؤسسة الفنية الاساسية للتجارة,2492.20,نعم,نشط,نشط,0501088628
1513,مؤسسة مروي بن هزاع بن جويعد الروقي التجارية,2083.10,نعم,نشط,نشط,0502782502
1682,مؤسسة نوير صبير الرويلي للمقاولات,2003.00,نعم,موقوف,نشط,
1706,مؤسسة روائع فريش للاجهزة المنزلية,2000.82,نعم,موقوف,نشط,0537266988
1127,محل الأنظمة طبرجل التجارية,1935.65,نعم,موقوف,نشط,055638083
1940,مؤسسة نهضه العاصمه التجاريه,1915.90,نعم,موقوف,نشط,
2045,مؤسسة ريدان شاهين,1903.37,نعم,نشط,نشط,0554008912
1806,شركة عالم كدس للمعارض,1836.55,نعم,موقوف,نشط,
1499,مؤسسة حمزه محمد احمد حفظي للتجارة,1689.64,نعم,نشط,نشط,0543042950 / 0565854902
1522,مؤسسة الثريا الحديث للاجهزة المنزلية / شادن محمد البلوي,1676.65,نعم,موقوف,نشط,0551876288 / 141425252
2148,مؤسسة سوامد للعقار,1609.00,نعم,موقوف,نشط,05
1576,مؤسسة علاالله عبدالله بن موسى طوهري,1587.50,نعم,موقوف,نشط,
1568,مؤسسة نجوم الاجهزة للاجهزة الالكترونية,1586.85,نعم,نشط,نشط,0552933744
1716,شركة الحسين توب اب للتجارة,1554.90,نعم,موقوف,نشط,050000
1707,احمد عايض محمد العنزي,1415.45,نعم,نشط,نشط,
1869,مؤسسة فاستر ستور للاجهزة الالكترونية1,1368.00,نعم,نشط,نشط,0559080045 / 0545458448
1946,مؤسسة درة المدينة للاجهزة,1284.80,نعم,نشط,نشط,0503594847
2348,مؤسسة عدنان عبدالله السالم التجارية,1265.00,نعم,نشط,نشط,0504928259
2082,مؤسسة الاسمر للاجهزة المنزلية,1262.45,نعم,موقوف,نشط,0591226848
2228,عبدالله بداح القحطاني شرطة العزيزية,1132.75,نعم,نشط,نشط,0566047773
1479,مؤسسة المثلث الذهبي للتجارة,1086.75,نعم,موقوف,نشط,
1971,شركة ريحانة للتطوير والمقاولات,1002.70,نعم,نشط,نشط,0559675278
